Dates,Mccormick County Sc,Greenwood County Sc,Laurens County Sc,Edgefield County Sc,Spartanburg County Sc,Oconee County Sc,Aiken County Sc,Cherokee County Sc,Saluda County Sc,Greenville County Sc,Anderson County Sc,Union County Sc,Pickens County Sc,Abbeville County Sc,Allendale County Sc,Newberry County Sc,Fairfield County Sc,Hampton County Sc,Barnwell County Sc,Lexington County Sc,Bamberg County Sc,Richland County Sc,Colleton County Sc,Jasper County Sc,Orangeburg County Sc,Calhoun County Sc,Kershaw County Sc,Chester County Sc,Dorchester County Sc,York County Sc,Beaufort County Sc,Berkeley County Sc,Charleston County Sc,Clarendon County Sc,Darlington County Sc,Florence County Sc,Horry County Sc,Lancaster County Sc,Marlboro County Sc,Sumter County Sc,Williamsburg County Sc
2024-09-17 12:00,0.0,1.0,1.0,0.0,18.0,6.0,2.0,0.0,0.0,158.0,9.0,0.0,6.0,0.0,0.0,1.0,2.0,0.0,0.0,2.0,0.0,3.0,1.0,0.0,1.0,0.0,2.0,0.0,1.0,1229.0,36,45,54,0.0,0,3,8,1,4,50,38
2024-09-17 13:00,0.0,1.0,6.0,0.0,7.0,4.0,0.0,0.0,2.0,4.0,1.0,0.0,2.0,0.0,0.0,1.0,2.0,1.0,0.0,3.0,0.0,0.0,1.0,3.0,1.0,0.0,1.0,0.0,4.0,3.0,46,19,16,4.0,0,35,2668,2,0,5,32
2024-09-17 14:00,2.0,0.0,1.0,0.0,7.0,2.0,3.0,0.0,2.0,76.0,464.0,0.0,1.0,0.0,0.0,0.0,0.0,2.0,0.0,1.0,0.0,11.0,1.0,3.0,1.0,0.0,49.0,1.0,1.0,6.0,53,19,6,2.0,0,4,1045,1,0,3,32
2024-09-17 15:00,2.0,0.0,1.0,0.0,31.0,1.0,1236.0,1.0,2.0,36.0,7.0,18.0,3.0,0.0,0.0,0.0,0.0,0.0,0.0,17.0,0.0,5.0,0.0,3.0,2.0,0.0,11.0,1.0,0.0,78.0,8,2,26,2.0,0,4,681,14,0,18,29
2024-09-17 16:00,0.0,0.0,0.0,0.0,38.0,3.0,2.0,2.0,0.0,61.0,112.0,0.0,2.0,0.0,1.0,0.0,0.0,0.0,0.0,0.0,0.0,1.0,0.0,2.0,3.0,2.0,0.0,2.0,0.0,1.0,8,1,4,1.0,1,0,30,14,0,15,2
2024-09-17 17:00,0.0,1.0,0.0,0.0,26.0,0.0,0.0,1.0,0.0,59.0,117.0,0.0,3.0,0.0,0.0,0.0,0.0,0.0,0.0,0.0,0.0,74.0,0.0,0.0,1.0,0.0,0.0,2.0,1.0,2.0,8,2,1,10.0,1,1,6,5,0,3,2
2024-09-17 18:00,0.0,1.0,0.0,0.0,24.0,0.0,0.0,1.0,0.0,110.0,112.0,1.0,3.0,0.0,0.0,0.0,0.0,0.0,0.0,0.0,0.0,74.0,0.0,0.0,2.0,0.0,6.0,1.0,1.0,2.0,8,35,2,13.0,1,2,9,2,0,3,0
2024-09-17 19:00,0.0,0.0,0.0,0.0,1.0,0.0,3.0,1.0,0.0,109.0,119.0,0.0,0.0,0.0,0.0,1.0,0.0,0.0,0.0,1.0,0.0,1.0,0.0,0.0,2.0,0.0,6.0,2.0,1.0,2.0,8,33,1,12.0,1,1,5,1,0,3,0
2024-09-17 20:00,0.0,1.0,0.0,0.0,2.0,0.0,2.0,1.0,0.0,6.0,119.0,2.0,0.0,0.0,0.0,0.0,0.0,0.0,0.0,0.0,0.0,8.0,0.0,1.0,0.0,0.0,0.0,2.0,1.0,1.0,8,0,1,14.0,2,3,2,0,0,0,0
2024-09-17 21:00,0.0,0.0,0.0,0.0,1.0,0.0,1.0,0.0,0.0,38.0,114.0,2.0,0.0,0.0,0.0,0.0,0.0,0.0,0.0,0.0,0.0,2.0,0.0,2.0,0.0,0.0,0.0,2.0,1.0,1.0,8,0,0,10.0,2,1,2,0,0,0,4
2024-09-17 22:00,0.0,0.0,0.0,0.0,1.0,0.0,0.0,0.0,0.0,133.0,114.0,2.0,0.0,0.0,0.0,0.0,0.0,0.0,0.0,15.0,0.0,2.0,0.0,0.0,0.0,0.0,0.0,1.0,0.0,0.0,8,0,4,0.0,0,1,0,1,0,0,0
2024-09-17 23:00,0.0,0.0,0.0,0.0,2.0,0.0,0.0,0.0,0.0,148.0,114.0,0.0,0.0,0.0,0.0,0.0,0.0,0.0,0.0,15.0,0.0,0.0,0.0,1.0,0.0,0.0,0.0,1.0,0.0,0.0,8,0,2,0.0,0,1,0,1,0,0,0
2024-09-18 00:00,0.0,0.0,0.0,0.0,6.0,0.0,0.0,0.0,0.0,145.0,7.0,0.0,0.0,0.0,0.0,0.0,0.0,0.0,0.0,0.0,0.0,0.0,0.0,0.0,0.0,0.0,0.0,126.0,0.0,1.0,8,0,2,0.0,0,0,4,0,0,0,0
2024-09-18 01:00,0.0,0.0,0.0,0.0,5.0,0.0,0.0,0.0,0.0,19.0,7.0,0.0,0.0,0.0,0.0,0.0,0.0,0.0,0.0,76.0,0.0,0.0,1.0,0.0,0.0,0.0,0.0,126.0,0.0,1.0,8,0,2,0.0,0,0,4,0,0,0,0
2024-09-18 02:00,0.0,0.0,0.0,0.0,5.0,0.0,0.0,0.0,0.0,20.0,7.0,0.0,0.0,0.0,0.0,0.0,0.0,0.0,0.0,76.0,0.0,0.0,0.0,0.0,0.0,0.0,0.0,126.0,0.0,1.0,8,0,2,0.0,0,2,4,0,0,0,0
2024-09-18 03:00,0.0,0.0,0.0,0.0,162.0,0.0,0.0,0.0,0.0,33.0,7.0,1.0,0.0,0.0,0.0,0.0,0.0,0.0,0.0,0.0,0.0,0.0,0.0,0.0,1.0,0.0,0.0,126.0,0.0,1.0,8,0,0,0.0,0,2,0,0,0,0,0
2024-09-18 04:00,0.0,0.0,0.0,0.0,161.0,0.0,0.0,0.0,0.0,31.0,7.0,0.0,0.0,0.0,0.0,0.0,0.0,0.0,0.0,0.0,0.0,0.0,0.0,0.0,0.0,0.0,0.0,152.0,0.0,0.0,8,0,0,0.0,3,2,0,1,0,0,0
2024-09-18 05:00,0.0,0.0,0.0,0.0,132.0,0.0,0.0,0.0,0.0,565.0,0.0,0.0,1.0,0.0,0.0,0.0,0.0,0.0,0.0,0.0,0.0,0.0,0.0,0.0,0.0,0.0,0.0,152.0,0.0,0.0,8,0,0,0.0,3,2,0,4,0,0,0
2024-09-18 06:00,0.0,0.0,0.0,1.0,132.0,0.0,0.0,0.0,0.0,101.0,0.0,0.0,0.0,0.0,0.0,0.0,0.0,0.0,0.0,0.0,0.0,0.0,0.0,0.0,0.0,0.0,0.0,27.0,0.0,0.0,8,0,2,0.0,3,2,0,4,0,0,0
2024-09-18 07:00,0.0,0.0,0.0,1.0,132.0,0.0,2.0,0.0,0.0,2.0,1.0,0.0,46.0,0.0,0.0,0.0,0.0,0.0,0.0,1.0,0.0,0.0,0.0,0.0,2.0,0.0,0.0,27.0,1.0,0.0,8,0,10,0.0,2,2,0,4,1,1,1
2024-09-18 08:00,0.0,0.0,0.0,1.0,128.0,1.0,1.0,1.0,0.0,2287.0,1.0,0.0,93.0,0.0,0.0,0.0,0.0,0.0,0.0,12.0,0.0,0.0,4.0,0.0,1.0,0.0,0.0,28.0,2.0,0.0,13,1,11,0.0,2,2,2,4,3,110,1
2024-09-18 09:00,0.0,0.0,0.0,0.0,131.0,6.0,1.0,1.0,9.0,2293.0,1.0,62.0,94.0,0.0,0.0,2.0,0.0,0.0,0.0,16.0,0.0,4.0,2.0,0.0,255.0,0.0,0.0,1.0,198.0,28.0,15,6,6,0.0,1,2,0,4,2,9,0
2024-09-18 10:00,0.0,0.0,2.0,0.0,137.0,6.0,177.0,1.0,1.0,2292.0,6.0,62.0,12.0,0.0,0.0,3.0,0.0,0.0,0.0,2.0,1.0,104.0,2.0,2.0,256.0,8.0,2.0,1.0,200.0,23.0,8,19,8,0.0,1,2,5,4,2,2,0
2024-09-18 11:00,0.0,0.0,2.0,0.0,33.0,3.0,12.0,1.0,1.0,1416.0,13.0,0.0,3.0,0.0,0.0,1.0,0.0,0.0,0.0,4.0,0.0,15.0,0.0,0.0,10.0,8.0,2.0,0.0,6.0,19.0,9,12,9,0.0,4,1,9,3,2,2,0
2024-09-18 12:00,0.0,0.0,3.0,0.0,69.0,8.0,25.0,1.0,1.0,2299.0,11.0,0.0,18.0,0.0,1.0,1.0,0.0,0.0,0.0,4.0,0.0,10.0,0.0,0.0,11.0,8.0,0.0,0.0,6.0,1.0,11,11,7,0.0,5,1,5,3,2,0,3
2024-09-18 13:00,0.0,0.0,414.0,0.0,58.0,7.0,1.0,1.0,1.0,173.0,11.0,0.0,19.0,0.0,0.0,3.0,2.0,0.0,0.0,5.0,0.0,21.0,0.0,0.0,10.0,0.0,0.0,0.0,6.0,6.0,11,11,22,0.0,2,5,5,2,0,0,3
2024-09-18 14:00,972.0,0.0,419.0,7.0,49.0,7.0,1.0,27.0,1.0,24.0,11.0,0.0,17.0,0.0,0.0,3.0,2.0,0.0,0.0,5.0,0.0,21.0,10.0,0.0,0.0,0.0,0.0,26.0,1.0,14.0,12,103,19,0.0,4,0,6,19,0,0,4
2024-09-18 15:00,2.0,0.0,22.0,1.0,50.0,8.0,1.0,29.0,0.0,12.0,5.0,0.0,16.0,0.0,0.0,3.0,2.0,0.0,2.0,2.0,1.0,1.0,0.0,0.0,5.0,0.0,0.0,0.0,1.0,3.0,9,106,6,0.0,4,0,3,2,0,6,4
2024-09-18 16:00,0.0,0.0,2.0,0.0,2.0,6.0,0.0,2.0,0.0,12.0,2.0,0.0,49.0,0.0,0.0,3.0,0.0,0.0,0.0,1.0,1.0,0.0,0.0,7.0,1.0,0.0,0.0,0.0,1.0,3.0,8,103,4,0.0,9,34,3,0,0,0,4
2024-09-18 17:00,0.0,0.0,2.0,0.0,2.0,1.0,32.0,2.0,0.0,42.0,2.0,0.0,26.0,0.0,0.0,0.0,0.0,9.0,0.0,2.0,1.0,1.0,0.0,0.0,8.0,7.0,0.0,1.0,0.0,0.0,9,185,3,0.0,8,34,4,1,0,10,3
2024-09-18 18:00,1.0,0.0,0.0,0.0,7.0,1.0,32.0,1.0,1.0,44.0,0.0,0.0,21.0,0.0,0.0,0.0,0.0,0.0,0.0,2.0,1.0,1.0,0.0,1.0,4.0,4.0,0.0,1.0,0.0,0.0,8,187,2,0.0,2,1,62,1,0,10,6
2024-09-18 19:00,0.0,0.0,0.0,0.0,7.0,0.0,33.0,1.0,0.0,62.0,1.0,0.0,8.0,0.0,0.0,0.0,0.0,0.0,0.0,2.0,0.0,5.0,0.0,1.0,0.0,0.0,0.0,1.0,0.0,4.0,11,186,2,0.0,0,9,34,1,0,1,0
2024-09-18 20:00,0.0,0.0,0.0,0.0,6.0,0.0,33.0,3.0,0.0,15.0,0.0,0.0,8.0,0.0,0.0,0.0,0.0,0.0,0.0,1.0,0.0,0.0,0.0,0.0,1.0,1.0,0.0,1.0,0.0,0.0,8,186,2,0.0,1,2,6,1,1,0,0
2024-09-18 21:00,0.0,0.0,0.0,0.0,1.0,0.0,0.0,0.0,0.0,15.0,0.0,0.0,5.0,0.0,0.0,0.0,0.0,0.0,0.0,11.0,0.0,2.0,0.0,0.0,0.0,0.0,0.0,0.0,0.0,0.0,8,1,2,0.0,0,3,6,1,1,0,0
2024-09-18 22:00,0.0,0.0,0.0,0.0,0.0,0.0,0.0,0.0,0.0,14.0,0.0,0.0,0.0,0.0,0.0,0.0,0.0,0.0,0.0,11.0,0.0,0.0,0.0,0.0,0.0,0.0,0.0,0.0,0.0,0.0,8,30,69,0.0,0,3,17,1,1,0,0
2024-09-18 23:00,0.0,0.0,0.0,0.0,0.0,1.0,1.0,0.0,0.0,14.0,0.0,0.0,0.0,0.0,0.0,0.0,0.0,0.0,0.0,0.0,0.0,0.0,0.0,0.0,0.0,0.0,0.0,0.0,0.0,1.0,8,30,69,0.0,0,1,17,1,1,0,0
2024-09-19 00:00,0.0,0.0,0.0,0.0,0.0,0.0,0.0,0.0,0.0,0.0,0.0,0.0,0.0,0.0,0.0,0.0,0.0,0.0,0.0,0.0,0.0,1.0,0.0,0.0,0.0,0.0,0.0,0.0,0.0,1.0,8,0,69,0.0,0,0,17,0,0,0,0
2024-09-19 01:00,0.0,0.0,0.0,0.0,0.0,0.0,0.0,0.0,0.0,0.0,0.0,0.0,0.0,0.0,0.0,0.0,0.0,0.0,0.0,0.0,0.0,0.0,0.0,0.0,0.0,0.0,0.0,0.0,0.0,1.0,8,0,69,0.0,0,0,0,0,0,1,0
2024-09-19 02:00,0.0,0.0,0.0,0.0,0.0,0.0,0.0,0.0,0.0,0.0,0.0,0.0,0.0,0.0,0.0,0.0,0.0,0.0,0.0,0.0,0.0,0.0,0.0,0.0,0.0,0.0,0.0,0.0,0.0,1.0,8,0,68,0.0,0,1,0,0,0,1,0
2024-09-19 03:00,0.0,0.0,0.0,0.0,0.0,0.0,0.0,0.0,11.0,0.0,0.0,0.0,0.0,0.0,0.0,0.0,0.0,0.0,0.0,0.0,0.0,0.0,0.0,0.0,0.0,0.0,0.0,0.0,0.0,1.0,8,0,0,0.0,0,1,0,0,0,0,0
2024-09-19 04:00,0.0,0.0,0.0,0.0,0.0,0.0,0.0,0.0,11.0,0.0,0.0,0.0,0.0,0.0,0.0,0.0,0.0,0.0,0.0,0.0,0.0,0.0,4.0,0.0,0.0,0.0,0.0,0.0,0.0,1.0,8,0,23,0.0,0,0,0,0,0,0,0
2024-09-19 05:00,0.0,0.0,0.0,0.0,0.0,0.0,0.0,0.0,11.0,1.0,0.0,0.0,0.0,0.0,0.0,0.0,0.0,0.0,0.0,0.0,0.0,0.0,4.0,0.0,0.0,0.0,0.0,0.0,0.0,1.0,8,0,23,0.0,0,0,0,0,0,0,0
2024-09-19 06:00,0.0,0.0,0.0,0.0,0.0,0.0,0.0,0.0,0.0,1.0,0.0,0.0,0.0,0.0,0.0,0.0,0.0,0.0,0.0,0.0,0.0,1.0,0.0,0.0,209.0,0.0,0.0,0.0,0.0,0.0,8,0,0,0.0,0,0,0,0,0,0,0
2024-09-19 07:00,0.0,0.0,0.0,0.0,0.0,0.0,0.0,1.0,0.0,1.0,0.0,0.0,0.0,0.0,0.0,0.0,0.0,0.0,0.0,3.0,0.0,1.0,0.0,0.0,209.0,0.0,0.0,0.0,0.0,2.0,8,1,2,0.0,0,0,0,0,0,351,0
2024-09-19 08:00,0.0,0.0,0.0,0.0,11.0,5.0,1.0,1.0,0.0,1.0,3.0,0.0,5.0,0.0,0.0,0.0,0.0,0.0,1.0,17.0,0.0,1.0,0.0,0.0,0.0,0.0,0.0,0.0,0.0,9.0,8,76,48,0.0,1,2,4,0,0,351,1
2024-09-19 09:00,0.0,0.0,0.0,0.0,7.0,7.0,5.0,1.0,3.0,8.0,1585.0,0.0,27.0,0.0,0.0,2.0,0.0,1.0,2.0,17.0,0.0,0.0,0.0,1.0,1.0,0.0,8.0,8.0,1.0,9.0,14,77,187,0.0,3,2,8,0,0,54,2
2024-09-19 10:00,0.0,0.0,0.0,1.0,9.0,6.0,5.0,1.0,1.0,10.0,1595.0,0.0,7.0,0.0,0.0,2.0,0.0,1.0,1.0,19.0,0.0,1.0,4.0,1.0,4.0,0.0,23.0,8.0,11.0,232.0,15,2,61,0.0,0,3,4,0,0,54,1
2024-09-19 11:00,0.0,0.0,0.0,1.0,5.0,2.0,1.0,1.0,34.0,15.0,36.0,0.0,17.0,0.0,0.0,2.0,0.0,0.0,0.0,14.0,0.0,0.0,4.0,2.0,16.0,0.0,24.0,0.0,11.0,1.0,9,3,56,0.0,3,0,4,0,0,12,1
2024-09-19 12:00,0.0,0.0,0.0,1.0,6.0,5.0,0.0,1.0,0.0,9.0,21.0,2.0,19.0,0.0,0.0,2.0,0.0,0.0,0.0,14.0,0.0,1.0,0.0,0.0,16.0,0.0,24.0,0.0,11.0,1.0,8,5,13,3.0,1,0,4,0,0,0,1
2024-09-19 13:00,0.0,1.0,0.0,0.0,9.0,25.0,0.0,0.0,0.0,5.0,1917.0,2.0,16.0,0.0,0.0,2.0,0.0,0.0,0.0,1.0,0.0,5.0,1.0,0.0,0.0,0.0,0.0,11.0,11.0,1.0,10,5,10,4.0,1,0,1,1,0,0,1
2024-09-19 14:00,0.0,1.0,0.0,0.0,7.0,5.0,3.0,0.0,1.0,3.0,23.0,2.0,15.0,0.0,0.0,2.0,0.0,0.0,0.0,2.0,1.0,7.0,1.0,0.0,0.0,0.0,0.0,11.0,11.0,0.0,11,0,6,3.0,3,0,2,1,0,1,2
2024-09-19 15:00,0.0,1.0,0.0,0.0,9.0,1.0,0.0,1.0,0.0,4.0,22.0,0.0,15.0,0.0,0.0,0.0,0.0,0.0,0.0,0.0,1.0,1.0,0.0,0.0,0.0,0.0,0.0,11.0,69.0,0.0,8,1,6,3.0,2,0,6,0,0,230,1
2024-09-19 16:00,0.0,0.0,66.0,0.0,5.0,0.0,1.0,3.0,0.0,1.0,5.0,0.0,0.0,0.0,0.0,0.0,2.0,0.0,0.0,13.0,0.0,14.0,0.0,0.0,76.0,79.0,0.0,11.0,69.0,29.0,8,2,6,3.0,36,0,7,0,0,724,1
2024-09-19 17:00,0.0,0.0,2.0,0.0,6.0,0.0,4.0,4.0,0.0,3.0,7.0,0.0,69.0,0.0,0.0,0.0,2.0,0.0,0.0,1.0,0.0,36.0,0.0,0.0,0.0,0.0,0.0,11.0,1.0,39.0,9,2,7,3.0,48,0,8,1,0,0,1
2024-09-19 18:00,0.0,0.0,2.0,0.0,21.0,0.0,1.0,2.0,0.0,4.0,5.0,0.0,69.0,0.0,0.0,0.0,2.0,0.0,0.0,1.0,0.0,20.0,0.0,0.0,1.0,0.0,0.0,0.0,1.0,13.0,9,1,2,0.0,5,0,0,0,0,0,0
2024-09-19 19:00,0.0,0.0,2.0,3.0,22.0,1.0,1.0,0.0,0.0,3.0,7.0,0.0,151.0,0.0,0.0,0.0,0.0,0.0,1.0,2.0,0.0,18.0,1.0,0.0,1.0,0.0,0.0,0.0,0.0,3.0,9,0,1,0.0,3,0,0,5,0,0,0
2024-09-19 20:00,0.0,0.0,2.0,0.0,7.0,0.0,5.0,0.0,0.0,1.0,8.0,0.0,151.0,0.0,0.0,0.0,0.0,0.0,0.0,1.0,0.0,2.0,1.0,0.0,0.0,0.0,0.0,0.0,0.0,0.0,8,0,1,0.0,2,0,0,5,0,0,0
2024-09-19 21:00,0.0,0.0,0.0,0.0,6.0,0.0,1.0,0.0,0.0,36.0,8.0,0.0,151.0,0.0,0.0,0.0,0.0,0.0,0.0,1.0,0.0,0.0,1.0,0.0,0.0,0.0,0.0,0.0,23.0,0.0,8,0,18,0.0,1,0,1,5,0,0,0
2024-09-19 22:00,0.0,0.0,0.0,0.0,1.0,3.0,0.0,0.0,0.0,36.0,8.0,0.0,224.0,0.0,0.0,0.0,0.0,0.0,0.0,0.0,0.0,0.0,0.0,0.0,0.0,0.0,0.0,0.0,23.0,0.0,8,0,1,0.0,0,0,7,3,0,0,0
2024-09-19 23:00,0.0,0.0,0.0,0.0,0.0,0.0,0.0,0.0,0.0,36.0,8.0,0.0,224.0,0.0,0.0,0.0,0.0,0.0,0.0,0.0,0.0,0.0,0.0,0.0,0.0,0.0,0.0,0.0,21.0,0.0,8,0,1,0.0,0,0,7,3,0,0,2
2024-09-20 00:00,0.0,1.0,0.0,0.0,0.0,0.0,0.0,0.0,0.0,36.0,8.0,0.0,224.0,0.0,0.0,0.0,0.0,0.0,0.0,0.0,0.0,25.0,0.0,0.0,0.0,0.0,0.0,0.0,21.0,0.0,8,0,1,0.0,0,0,3000,3,0,0,0
2024-09-20 01:00,0.0,0.0,0.0,0.0,1.0,0.0,0.0,0.0,0.0,37.0,8.0,0.0,225.0,0.0,0.0,0.0,0.0,0.0,0.0,0.0,0.0,25.0,0.0,0.0,0.0,0.0,0.0,0.0,21.0,1.0,8,6,1,0.0,0,0,3000,3,0,0,0
2024-09-20 02:00,0.0,0.0,0.0,0.0,0.0,0.0,1.0,0.0,0.0,36.0,8.0,0.0,225.0,0.0,0.0,0.0,0.0,0.0,0.0,0.0,0.0,25.0,0.0,0.0,0.0,0.0,0.0,0.0,21.0,1.0,8,6,0,0.0,0,0,479,3,0,0,0
2024-09-20 03:00,0.0,0.0,0.0,0.0,0.0,0.0,1.0,0.0,0.0,36.0,4.0,0.0,1.0,0.0,0.0,0.0,0.0,0.0,0.0,0.0,0.0,7.0,0.0,0.0,0.0,0.0,0.0,0.0,21.0,1.0,8,0,0,0.0,0,0,478,0,0,0,0
2024-09-20 04:00,0.0,0.0,0.0,0.0,0.0,0.0,1.0,0.0,0.0,36.0,4.0,0.0,1.0,0.0,0.0,0.0,0.0,0.0,0.0,0.0,0.0,3.0,0.0,0.0,0.0,0.0,0.0,0.0,21.0,1.0,8,0,1,0.0,0,0,3,0,0,0,0
2024-09-20 05:00,0.0,0.0,0.0,0.0,0.0,0.0,0.0,0.0,2.0,1.0,4.0,0.0,1.0,0.0,0.0,0.0,0.0,0.0,0.0,31.0,0.0,0.0,0.0,0.0,0.0,0.0,0.0,0.0,0.0,1.0,8,0,62,0.0,0,0,0,0,0,0,0
2024-09-20 06:00,0.0,0.0,0.0,0.0,1.0,1.0,0.0,0.0,2.0,2.0,3.0,0.0,1.0,0.0,0.0,0.0,0.0,0.0,0.0,31.0,0.0,2.0,0.0,0.0,0.0,0.0,0.0,0.0,0.0,2.0,8,0,67,0.0,0,4,0,0,0,1,0
2024-09-20 07:00,0.0,0.0,0.0,0.0,1.0,0.0,3.0,0.0,0.0,3.0,3.0,0.0,1.0,0.0,0.0,0.0,0.0,0.0,0.0,0.0,0.0,3.0,0.0,0.0,0.0,0.0,0.0,0.0,1.0,2.0,848,544,17,0.0,0,4,3,0,0,1,1
2024-09-20 08:00,0.0,0.0,0.0,1.0,2.0,0.0,2.0,0.0,0.0,3.0,3.0,0.0,0.0,0.0,0.0,0.0,0.0,0.0,0.0,1.0,0.0,4.0,0.0,0.0,0.0,0.0,0.0,0.0,1.0,6.0,849,1,1,2.0,0,5,1,0,0,1,1
2024-09-20 09:00,0.0,0.0,1.0,4.0,3.0,14.0,1.0,1.0,0.0,7.0,17.0,0.0,7.0,0.0,0.0,3.0,0.0,0.0,0.0,5.0,0.0,2.0,0.0,0.0,0.0,0.0,0.0,1.0,0.0,6.0,849,0,2,2.0,0,5,10,0,0,1,1
2024-09-20 10:00,0.0,0.0,0.0,1.0,5.0,6.0,1.0,1.0,0.0,2.0,25.0,0.0,1.0,0.0,0.0,4.0,1.0,0.0,0.0,3.0,8.0,4.0,0.0,0.0,0.0,0.0,0.0,1.0,1.0,5.0,575,9,10,0.0,1,0,4,0,0,1,0
2024-09-20 11:00,0.0,0.0,0.0,1.0,58.0,3.0,36.0,1.0,0.0,5.0,24.0,0.0,0.0,0.0,0.0,16.0,1.0,0.0,0.0,2.0,8.0,6.0,1.0,0.0,0.0,0.0,0.0,1.0,2.0,5.0,14,8,2,0.0,6,0,4,1,0,0,0
2024-09-20 12:00,0.0,0.0,0.0,1.0,60.0,3.0,36.0,0.0,0.0,1.0,19.0,0.0,1.0,0.0,0.0,16.0,0.0,0.0,0.0,1.0,8.0,3.0,0.0,0.0,0.0,0.0,0.0,1.0,1.0,11.0,15,1,5,0.0,0,1,91,543,0,0,0
2024-09-20 13:00,0.0,1.0,0.0,1.0,58.0,1.0,0.0,0.0,0.0,2.0,19.0,0.0,1.0,0.0,0.0,2.0,0.0,0.0,0.0,1.0,0.0,3.0,0.0,0.0,0.0,0.0,0.0,0.0,2.0,16.0,11,2,5,1.0,7,0,95,1,0,0,0
2024-09-20 14:00,0.0,0.0,0.0,2.0,14.0,2.0,0.0,0.0,0.0,1.0,14.0,0.0,4.0,0.0,0.0,1.0,0.0,0.0,0.0,1.0,0.0,3.0,1.0,0.0,0.0,0.0,0.0,0.0,3.0,14.0,9,1,3,1.0,4,0,5,2,0,0,1
2024-09-20 15:00,0.0,0.0,0.0,5.0,17.0,1.0,0.0,0.0,1.0,2.0,5.0,0.0,4.0,0.0,0.0,1.0,0.0,0.0,0.0,1.0,0.0,1.0,0.0,1.0,0.0,0.0,0.0,0.0,3.0,12.0,8,1,2,1.0,2,0,5,2,0,0,0
2024-09-20 16:00,0.0,0.0,0.0,5.0,1.0,1.0,1.0,0.0,0.0,12.0,2.0,0.0,415.0,0.0,0.0,1.0,0.0,0.0,0.0,2.0,0.0,11.0,0.0,1.0,0.0,0.0,1.0,0.0,3.0,1.0,8,0,1,1.0,1,0,0,0,0,0,0
2024-09-20 17:00,0.0,0.0,0.0,0.0,1.0,1.0,6.0,0.0,0.0,15.0,3.0,0.0,1.0,0.0,0.0,0.0,0.0,0.0,0.0,2.0,0.0,10.0,1.0,1.0,0.0,0.0,0.0,0.0,1.0,1.0,8,0,0,4.0,0,1,1,0,1,1,0
2024-09-20 18:00,0.0,0.0,0.0,0.0,1.0,0.0,16.0,1.0,0.0,16.0,108.0,0.0,1.0,0.0,0.0,0.0,0.0,0.0,0.0,12.0,0.0,9.0,1.0,10.0,1.0,0.0,0.0,0.0,1.0,0.0,8,0,8,4.0,0,1,3,0,6,2,0
2024-09-20 19:00,0.0,0.0,0.0,0.0,2.0,0.0,4.0,0.0,0.0,17.0,107.0,0.0,0.0,0.0,0.0,0.0,0.0,0.0,0.0,2.0,0.0,9.0,1.0,0.0,1.0,0.0,0.0,0.0,0.0,0.0,8,0,55,0.0,0,7,2,0,6,0,0
2024-09-20 20:00,0.0,0.0,0.0,0.0,2.0,0.0,4.0,0.0,0.0,28.0,106.0,0.0,0.0,0.0,0.0,0.0,1.0,0.0,0.0,1.0,0.0,10.0,0.0,0.0,0.0,0.0,0.0,0.0,0.0,0.0,61,2,98,0.0,0,0,2,0,8,2,0
2024-09-20 21:00,0.0,0.0,1.0,0.0,3.0,0.0,0.0,0.0,0.0,26.0,106.0,0.0,2.0,0.0,0.0,0.0,1.0,0.0,0.0,0.0,0.0,9.0,0.0,0.0,0.0,0.0,0.0,0.0,0.0,0.0,8,2,0,0.0,0,0,4,0,8,1,0
2024-09-20 22:00,0.0,0.0,2.0,0.0,9.0,0.0,0.0,0.0,0.0,26.0,108.0,0.0,0.0,0.0,0.0,0.0,1.0,0.0,0.0,0.0,0.0,0.0,0.0,0.0,0.0,0.0,0.0,0.0,0.0,0.0,0,0,1,0.0,0,0,1244,0,0,0,0
2024-09-20 23:00,0.0,0.0,1.0,0.0,9.0,0.0,0.0,0.0,0.0,27.0,108.0,0.0,0.0,0.0,0.0,0.0,1.0,0.0,0.0,0.0,0.0,0.0,0.0,0.0,1.0,0.0,0.0,0.0,0.0,0.0,0,0,1,0.0,0,0,4,0,0,0,0
2024-09-21 00:00,0.0,0.0,0.0,6.0,0.0,0.0,0.0,1.0,0.0,28.0,194.0,0.0,0.0,0.0,0.0,0.0,0.0,0.0,0.0,0.0,0.0,0.0,0.0,0.0,0.0,0.0,0.0,0.0,0.0,0.0,0,0,0,0.0,0,0,2612,0,0,0,0
2024-09-21 01:00,0.0,0.0,0.0,6.0,0.0,0.0,0.0,1.0,0.0,28.0,114.0,0.0,0.0,0.0,0.0,0.0,0.0,0.0,0.0,16.0,0.0,0.0,0.0,2.0,0.0,0.0,0.0,0.0,2.0,0.0,0,0,0,0.0,0,0,2612,0,0,0,0
2024-09-21 02:00,0.0,0.0,0.0,0.0,0.0,0.0,0.0,1.0,0.0,28.0,113.0,0.0,0.0,0.0,0.0,0.0,0.0,0.0,0.0,1.0,0.0,167.0,48.0,2.0,0.0,0.0,0.0,0.0,2.0,0.0,0,0,0,0.0,30,0,4,0,0,0,0
2024-09-21 03:00,0.0,0.0,0.0,0.0,0.0,0.0,1149.0,1.0,0.0,27.0,113.0,0.0,0.0,0.0,0.0,0.0,0.0,0.0,0.0,0.0,0.0,167.0,48.0,2.0,0.0,0.0,0.0,0.0,2.0,0.0,0,0,0,0.0,30,0,0,0,0,0,0
2024-09-21 04:00,0.0,0.0,0.0,0.0,0.0,0.0,17.0,1.0,0.0,27.0,113.0,0.0,0.0,0.0,0.0,0.0,0.0,0.0,0.0,0.0,0.0,1.0,48.0,2.0,0.0,0.0,0.0,0.0,0.0,0.0,0,0,0,0.0,31,0,0,0,0,0,0
2024-09-21 05:00,0.0,0.0,0.0,0.0,0.0,0.0,1023.0,1.0,0.0,28.0,113.0,0.0,0.0,0.0,0.0,0.0,0.0,0.0,0.0,0.0,0.0,1.0,48.0,0.0,0.0,0.0,0.0,0.0,0.0,0.0,0,0,0,0.0,31,0,0,0,0,0,0
2024-09-21 06:00,0.0,0.0,0.0,0.0,0.0,0.0,10.0,1.0,0.0,27.0,113.0,0.0,0.0,0.0,0.0,0.0,0.0,0.0,0.0,0.0,0.0,1.0,0.0,0.0,0.0,0.0,14.0,0.0,0.0,0.0,0,0,0,0.0,1,0,0,0,0,0,0
2024-09-21 07:00,0.0,0.0,0.0,9.0,0.0,1.0,36.0,1.0,1.0,2.0,82.0,0.0,0.0,0.0,0.0,0.0,0.0,0.0,0.0,4.0,0.0,0.0,0.0,0.0,0.0,0.0,14.0,0.0,2.0,0.0,0,10,8,0.0,0,1,7,1,0,0,0
2024-09-21 08:00,0.0,0.0,0.0,9.0,0.0,1.0,1.0,1.0,1.0,3.0,83.0,0.0,0.0,0.0,0.0,0.0,0.0,0.0,0.0,3.0,0.0,1.0,0.0,0.0,0.0,0.0,14.0,0.0,2.0,0.0,0,10,10,0.0,4,0,5,1,0,0,0
2024-09-21 09:00,0.0,0.0,0.0,9.0,0.0,1.0,2.0,0.0,1.0,6.0,22.0,0.0,0.0,0.0,0.0,0.0,0.0,0.0,0.0,3.0,0.0,4.0,1.0,0.0,0.0,0.0,16.0,0.0,6.0,3.0,1,10,9,2.0,11,0,0,1,0,0,0
2024-09-21 10:00,0.0,0.0,0.0,0.0,2.0,0.0,4.0,0.0,1.0,2.0,3.0,0.0,33.0,0.0,0.0,0.0,1.0,0.0,0.0,5.0,0.0,1.0,0.0,0.0,1.0,0.0,2.0,2.0,8.0,8.0,0,10,9,1.0,3,0,4,2,0,1,0
2024-09-21 11:00,1.0,0.0,0.0,1.0,2.0,1.0,4.0,2.0,1.0,29.0,3.0,0.0,35.0,0.0,0.0,0.0,1.0,1.0,0.0,0.0,0.0,1.0,0.0,0.0,0.0,0.0,2.0,3.0,9.0,1.0,0,10,9,18.0,5,0,2,0,0,1,0
2024-09-21 12:00,1.0,0.0,0.0,1.0,1.0,1.0,2.0,2.0,1.0,5.0,3.0,0.0,3.0,0.0,0.0,0.0,0.0,0.0,0.0,9.0,0.0,3.0,0.0,0.0,0.0,0.0,2.0,6.0,2.0,1.0,0,10,9,18.0,30,0,2,0,0,0,0
2024-09-21 13:00,0.0,0.0,0.0,0.0,1.0,1.0,2.0,0.0,0.0,5.0,5.0,0.0,1.0,0.0,0.0,0.0,0.0,0.0,0.0,9.0,0.0,7.0,1.0,0.0,1.0,0.0,2.0,6.0,4.0,46.0,1,14,3,20.0,32,0,0,73,0,0,1
2024-09-21 14:00,0.0,0.0,0.0,0.0,18.0,0.0,2.0,0.0,0.0,2.0,5.0,0.0,1.0,0.0,0.0,0.0,0.0,0.0,0.0,9.0,0.0,7.0,1.0,0.0,0.0,0.0,2.0,0.0,6.0,63.0,0,0,16,2.0,2,1,2,73,0,0,1
2024-09-21 15:00,0.0,0.0,0.0,0.0,18.0,0.0,0.0,0.0,0.0,1.0,5.0,0.0,2.0,0.0,0.0,0.0,0.0,0.0,0.0,8.0,0.0,7.0,1.0,0.0,0.0,0.0,16.0,2.0,0.0,1.0,0,0,2,0.0,18,1,22,1,0,0,1
2024-09-21 16:00,0.0,0.0,0.0,0.0,18.0,0.0,0.0,0.0,0.0,20.0,5.0,0.0,1.0,0.0,0.0,0.0,0.0,0.0,0.0,4.0,0.0,2.0,0.0,0.0,0.0,0.0,16.0,2.0,0.0,1.0,2,0,4,0.0,37,0,0,0,0,0,0
2024-09-21 17:00,0.0,0.0,0.0,0.0,1.0,1.0,0.0,0.0,1.0,21.0,5.0,0.0,0.0,0.0,0.0,0.0,0.0,0.0,0.0,5.0,0.0,2.0,0.0,1.0,0.0,0.0,2.0,11.0,0.0,1.0,2,0,1,0.0,37,1,18,0,0,0,0
2024-09-21 18:00,0.0,0.0,0.0,0.0,1.0,0.0,0.0,0.0,1.0,20.0,7.0,0.0,0.0,0.0,0.0,0.0,1.0,0.0,0.0,1.0,0.0,2.0,0.0,1.0,0.0,0.0,2.0,1.0,0.0,0.0,2,0,2,0.0,1,1,18,0,0,0,1
2024-09-21 19:00,0.0,0.0,0.0,0.0,2.0,3.0,0.0,0.0,1.0,0.0,6.0,0.0,0.0,0.0,0.0,0.0,1.0,0.0,0.0,1.0,0.0,9.0,0.0,1.0,0.0,0.0,0.0,1.0,0.0,0.0,0,0,1,0.0,0,0,18,0,0,0,1
2024-09-21 20:00,0.0,0.0,0.0,0.0,4.0,3.0,1.0,0.0,1.0,6.0,3.0,0.0,0.0,0.0,0.0,0.0,0.0,0.0,0.0,2.0,0.0,56.0,0.0,1.0,0.0,0.0,0.0,0.0,2.0,0.0,0,2,0,0.0,0,2,0,0,0,0,0
2024-09-21 21:00,0.0,0.0,0.0,0.0,3.0,3.0,1.0,0.0,0.0,3.0,6.0,0.0,36.0,0.0,0.0,0.0,0.0,0.0,0.0,1.0,0.0,56.0,0.0,1.0,0.0,0.0,0.0,0.0,2.0,0.0,0,2,0,0.0,0,1,0,0,2,0,0
2024-09-21 22:00,0.0,0.0,0.0,0.0,9.0,0.0,1.0,0.0,0.0,22.0,1.0,0.0,36.0,0.0,0.0,0.0,0.0,0.0,0.0,1.0,0.0,45.0,0.0,1.0,0.0,0.0,0.0,0.0,0.0,0.0,0,12,0,0.0,0,0,2,0,0,0,0
2024-09-21 23:00,0.0,0.0,0.0,0.0,9.0,0.0,0.0,0.0,0.0,22.0,4.0,0.0,0.0,0.0,0.0,0.0,0.0,0.0,0.0,1.0,0.0,45.0,0.0,0.0,0.0,0.0,0.0,0.0,0.0,0.0,0,12,0,0.0,0,0,0,0,0,0,0
2024-09-22 00:00,0.0,0.0,0.0,0.0,9.0,0.0,0.0,0.0,0.0,23.0,4.0,0.0,0.0,0.0,0.0,0.0,0.0,0.0,0.0,0.0,0.0,0.0,0.0,0.0,0.0,0.0,5.0,0.0,0.0,0.0,5,12,19,0.0,0,0,0,0,0,0,0
2024-09-22 01:00,0.0,0.0,0.0,0.0,9.0,0.0,0.0,0.0,0.0,22.0,4.0,0.0,0.0,0.0,0.0,0.0,0.0,0.0,0.0,0.0,0.0,1.0,0.0,0.0,0.0,0.0,11.0,0.0,0.0,0.0,5,12,1,0.0,0,0,2,0,0,0,0
2024-09-22 02:00,0.0,0.0,0.0,0.0,1.0,0.0,0.0,0.0,0.0,22.0,6.0,0.0,0.0,1.0,0.0,0.0,0.0,0.0,0.0,0.0,0.0,0.0,0.0,0.0,0.0,0.0,17.0,0.0,0.0,2.0,0,0,1,0.0,0,0,2,1,0,0,0
2024-09-22 03:00,0.0,0.0,0.0,0.0,1.0,0.0,0.0,0.0,0.0,19.0,2.0,0.0,1.0,0.0,0.0,0.0,0.0,0.0,0.0,0.0,0.0,0.0,0.0,0.0,0.0,0.0,0.0,0.0,0.0,2.0,0,0,1,0.0,0,0,0,0,0,0,0
2024-09-22 04:00,0.0,0.0,0.0,0.0,0.0,0.0,0.0,0.0,0.0,0.0,2.0,0.0,0.0,0.0,0.0,0.0,0.0,0.0,0.0,0.0,0.0,0.0,0.0,0.0,0.0,0.0,0.0,0.0,0.0,2.0,0,0,1,0.0,0,0,8,0,0,0,0
2024-09-22 05:00,0.0,0.0,0.0,0.0,0.0,0.0,0.0,0.0,0.0,0.0,2.0,0.0,0.0,0.0,0.0,0.0,0.0,0.0,0.0,0.0,0.0,0.0,0.0,0.0,0.0,0.0,0.0,0.0,0.0,2.0,0,0,1,0.0,0,0,8,0,0,0,0
2024-09-22 06:00,0.0,0.0,0.0,0.0,0.0,0.0,0.0,0.0,0.0,0.0,1.0,0.0,0.0,0.0,0.0,0.0,0.0,0.0,0.0,0.0,0.0,0.0,0.0,0.0,0.0,0.0,0.0,0.0,0.0,1.0,0,0,1,0.0,0,0,8,0,0,0,0
2024-09-22 07:00,0.0,0.0,0.0,0.0,0.0,0.0,0.0,0.0,0.0,0.0,6.0,0.0,0.0,0.0,0.0,0.0,0.0,0.0,0.0,2.0,0.0,0.0,0.0,0.0,0.0,0.0,0.0,0.0,0.0,1.0,81,0,1,0.0,0,0,12,0,0,0,0
2024-09-22 08:00,0.0,0.0,0.0,0.0,1412.0,4.0,0.0,0.0,0.0,0.0,6.0,641.0,0.0,0.0,0.0,0.0,0.0,0.0,0.0,2.0,0.0,0.0,0.0,0.0,0.0,0.0,0.0,0.0,1.0,16.0,0,5,6,0.0,0,1,31,1,2,0,0
2024-09-22 09:00,0.0,0.0,0.0,0.0,1413.0,1.0,1.0,0.0,0.0,0.0,5.0,670.0,1.0,0.0,0.0,0.0,0.0,0.0,0.0,2.0,0.0,1.0,0.0,0.0,0.0,0.0,0.0,0.0,0.0,15.0,0,1,1,0.0,0,70,35,3,14,0,0
2024-09-22 10:00,0.0,0.0,0.0,0.0,4.0,22.0,0.0,0.0,2.0,11.0,6.0,0.0,3.0,0.0,0.0,0.0,0.0,0.0,0.0,9.0,0.0,1.0,8.0,0.0,0.0,0.0,0.0,0.0,0.0,0.0,0,1,12,0.0,1,6,4,5,2,0,0
2024-09-22 11:00,0.0,0.0,0.0,0.0,7.0,2.0,0.0,0.0,2.0,11.0,5.0,0.0,0.0,0.0,0.0,0.0,0.0,0.0,0.0,76.0,0.0,7.0,0.0,1.0,0.0,0.0,0.0,0.0,0.0,581.0,0,0,3,0.0,1,1,4,9,0,0,0
2024-09-22 12:00,0.0,0.0,2.0,5.0,7.0,0.0,0.0,0.0,0.0,3.0,5.0,0.0,5.0,0.0,0.0,0.0,0.0,0.0,0.0,25.0,0.0,7.0,0.0,0.0,0.0,0.0,0.0,0.0,0.0,0.0,0,0,1,0.0,1,1,4,3,0,0,0
2024-09-22 13:00,0.0,0.0,1.0,5.0,5.0,0.0,0.0,2.0,0.0,2.0,1.0,0.0,1.0,0.0,0.0,0.0,0.0,0.0,0.0,8.0,0.0,4.0,0.0,0.0,0.0,0.0,0.0,0.0,0.0,0.0,0,0,0,10.0,1,31,6,0,0,0,0
2024-09-22 14:00,0.0,0.0,1.0,0.0,1.0,0.0,0.0,2.0,0.0,1.0,0.0,0.0,0.0,0.0,0.0,0.0,0.0,0.0,0.0,9.0,0.0,0.0,0.0,6.0,0.0,0.0,0.0,0.0,1.0,2.0,0,0,2,10.0,0,0,2,1,0,0,0
2024-09-22 15:00,0.0,0.0,0.0,0.0,0.0,1.0,1.0,2.0,0.0,1.0,0.0,0.0,0.0,0.0,0.0,0.0,0.0,0.0,0.0,9.0,0.0,1.0,0.0,6.0,0.0,0.0,1.0,204.0,2.0,12.0,0,0,3,10.0,1,0,2,2,0,0,0
2024-09-22 16:00,0.0,0.0,0.0,0.0,0.0,5.0,1.0,0.0,3.0,1.0,0.0,0.0,0.0,0.0,0.0,0.0,0.0,0.0,0.0,10.0,0.0,3.0,1.0,0.0,0.0,0.0,1.0,2.0,0.0,17.0,1,6,35,0.0,1,0,2103,1,0,0,0
2024-09-22 17:00,0.0,0.0,0.0,0.0,0.0,1.0,2.0,1.0,3.0,2.0,2.0,0.0,2.0,0.0,0.0,0.0,0.0,0.0,0.0,10.0,0.0,3.0,1.0,0.0,1.0,0.0,1.0,2.0,0.0,0.0,1,6,10,3.0,1,2,2160,1,0,0,0
2024-09-22 18:00,0.0,0.0,0.0,0.0,0.0,1.0,1.0,22.0,3.0,1.0,1.0,0.0,0.0,0.0,0.0,0.0,0.0,0.0,0.0,8.0,0.0,0.0,1.0,0.0,1.0,0.0,0.0,4.0,0.0,1.0,0,0,2,4.0,0,2,9,5,0,0,0
2024-09-22 19:00,0.0,0.0,0.0,0.0,1.0,1.0,2.0,0.0,0.0,718.0,1.0,0.0,1.0,0.0,0.0,0.0,0.0,0.0,0.0,0.0,0.0,0.0,0.0,0.0,0.0,0.0,0.0,0.0,0.0,0.0,0,0,10,2.0,4,4,1,5,0,1,3
2024-09-22 20:00,0.0,0.0,0.0,0.0,0.0,1.0,0.0,0.0,0.0,716.0,2.0,0.0,4.0,0.0,0.0,0.0,0.0,0.0,0.0,0.0,0.0,3.0,0.0,1.0,0.0,0.0,0.0,0.0,0.0,40.0,0,15,0,0.0,0,4,1,5,0,1,7
2024-09-22 21:00,0.0,0.0,0.0,0.0,0.0,1.0,0.0,0.0,0.0,3.0,1.0,0.0,1.0,0.0,0.0,0.0,0.0,0.0,0.0,0.0,0.0,24.0,0.0,1.0,0.0,0.0,0.0,1.0,0.0,39.0,0,15,1,0.0,0,1,0,0,0,0,4
2024-09-22 22:00,0.0,0.0,0.0,0.0,0.0,0.0,0.0,0.0,0.0,90.0,1.0,0.0,1.0,0.0,0.0,0.0,0.0,0.0,0.0,0.0,0.0,1.0,0.0,0.0,0.0,0.0,0.0,1.0,0.0,0.0,0,15,0,0.0,0,0,0,0,0,0,0
2024-09-22 23:00,0.0,0.0,0.0,7.0,0.0,0.0,9.0,1.0,0.0,94.0,1.0,0.0,1.0,0.0,0.0,0.0,0.0,0.0,0.0,0.0,0.0,1.0,0.0,0.0,0.0,0.0,0.0,1.0,0.0,0.0,0,15,0,0.0,0,0,0,0,0,0,0
2024-09-23 00:00,0.0,0.0,0.0,7.0,0.0,0.0,9.0,0.0,0.0,92.0,1.0,0.0,1.0,0.0,0.0,0.0,0.0,0.0,0.0,0.0,0.0,1.0,0.0,0.0,0.0,0.0,0.0,1.0,0.0,0.0,0,15,0,0.0,0,1,0,0,0,0,0
2024-09-23 01:00,0.0,0.0,0.0,0.0,0.0,0.0,9.0,0.0,0.0,88.0,0.0,0.0,1.0,0.0,0.0,0.0,0.0,0.0,0.0,0.0,0.0,0.0,0.0,0.0,0.0,0.0,0.0,0.0,1.0,0.0,0,15,0,0.0,0,1,0,0,0,0,0
2024-09-23 02:00,0.0,0.0,0.0,0.0,0.0,0.0,0.0,0.0,0.0,0.0,0.0,0.0,1.0,0.0,0.0,0.0,0.0,0.0,0.0,0.0,0.0,1.0,0.0,0.0,0.0,0.0,0.0,0.0,1.0,0.0,0,15,0,0.0,0,0,0,0,0,0,0
2024-09-23 03:00,0.0,0.0,0.0,0.0,0.0,0.0,1.0,0.0,0.0,0.0,0.0,0.0,0.0,0.0,0.0,0.0,0.0,0.0,0.0,0.0,0.0,0.0,0.0,0.0,374.0,0.0,13.0,0.0,0.0,0.0,1,15,0,0.0,0,0,0,0,0,0,0
2024-09-23 04:00,0.0,0.0,0.0,0.0,0.0,122.0,1.0,0.0,0.0,1.0,0.0,0.0,0.0,0.0,0.0,0.0,0.0,0.0,0.0,0.0,0.0,0.0,0.0,0.0,374.0,0.0,0.0,0.0,0.0,0.0,1,15,89,0.0,0,0,0,0,0,1,0
2024-09-23 05:00,0.0,0.0,0.0,0.0,0.0,123.0,0.0,0.0,0.0,1.0,0.0,0.0,1.0,0.0,0.0,0.0,0.0,0.0,0.0,0.0,0.0,0.0,0.0,0.0,0.0,0.0,0.0,0.0,0.0,0.0,1,0,89,0.0,0,0,0,0,0,1,0
2024-09-23 06:00,0.0,0.0,0.0,0.0,0.0,1.0,0.0,0.0,0.0,0.0,0.0,0.0,1.0,0.0,0.0,0.0,0.0,0.0,0.0,0.0,0.0,0.0,0.0,0.0,0.0,0.0,0.0,0.0,0.0,0.0,1,0,89,0.0,0,0,0,0,0,0,0
2024-09-23 07:00,0.0,0.0,0.0,0.0,0.0,14.0,3.0,0.0,0.0,0.0,0.0,0.0,0.0,0.0,0.0,0.0,0.0,0.0,0.0,0.0,0.0,1.0,0.0,0.0,1.0,0.0,0.0,0.0,0.0,0.0,1,1,0,0.0,0,1,0,0,0,347,0
2024-09-23 08:00,0.0,0.0,0.0,1.0,2.0,1.0,4.0,0.0,0.0,4.0,0.0,0.0,0.0,0.0,34.0,0.0,0.0,0.0,24.0,4.0,0.0,4.0,0.0,0.0,1.0,0.0,0.0,1.0,1.0,2.0,1,62,3,91.0,44,1,33,17,0,471,4
2024-09-23 09:00,0.0,0.0,0.0,3.0,13.0,1.0,2.0,0.0,4.0,8.0,5.0,2.0,2.0,0.0,0.0,0.0,0.0,0.0,8.0,3.0,0.0,17.0,0.0,0.0,10.0,0.0,12.0,2.0,3.0,13.0,1,62,10,92.0,50,1,4,18,0,142,0
2024-09-23 10:00,0.0,0.0,0.0,77.0,13.0,16.0,1.0,0.0,1.0,7.0,5.0,2.0,0.0,0.0,0.0,0.0,0.0,0.0,0.0,11.0,0.0,33.0,1.0,5.0,9.0,0.0,2.0,1.0,1.0,8.0,1,60,16,91.0,6,0,10,1,0,108,0
2024-09-23 11:00,0.0,0.0,0.0,6.0,2984.0,8.0,1.0,0.0,2.0,7.0,16.0,2.0,0.0,0.0,0.0,0.0,0.0,0.0,0.0,8.0,0.0,11.0,1.0,0.0,9.0,0.0,2.0,1.0,1.0,9.0,1,54,28,90.0,415,0,8,1,0,85,0
2024-09-23 12:00,0.0,0.0,0.0,2.0,6.0,3.0,1.0,2.0,0.0,17.0,16.0,0.0,3.0,0.0,0.0,0.0,0.0,0.0,0.0,2.0,0.0,137.0,0.0,1.0,0.0,0.0,2.0,0.0,2.0,14.0,1,53,11,90.0,1,0,7,1,0,85,0
2024-09-23 13:00,0.0,0.0,0.0,10.0,3.0,1.0,2.0,2.0,0.0,15.0,21.0,0.0,3.0,0.0,0.0,1.0,0.0,0.0,0.0,5.0,0.0,4.0,1.0,0.0,0.0,0.0,0.0,1.0,2.0,11.0,1,2,10,0.0,3,0,1,81,0,85,3
2024-09-23 14:00,0.0,0.0,0.0,1.0,3.0,3.0,2.0,3.0,1.0,6.0,16.0,0.0,3.0,0.0,0.0,1.0,0.0,0.0,0.0,1.0,0.0,4.0,1.0,3.0,5.0,0.0,0.0,1.0,0.0,5.0,1,1,11,0.0,1,0,1,81,0,0,3
2024-09-23 15:00,0.0,0.0,0.0,1.0,2.0,4.0,2.0,1.0,0.0,7.0,12.0,0.0,6.0,0.0,0.0,1.0,0.0,0.0,0.0,1.0,0.0,7.0,1.0,3.0,6.0,0.0,0.0,0.0,0.0,2.0,1,1,7,0.0,3,0,5,0,0,0,0
2024-09-23 16:00,0.0,0.0,0.0,0.0,2.0,1.0,3.0,1.0,0.0,6.0,6.0,0.0,7.0,0.0,0.0,0.0,0.0,0.0,0.0,0.0,0.0,1.0,74.0,1.0,0.0,0.0,0.0,0.0,0.0,4.0,0,4,7,0.0,1,5,1,0,0,0,0
2024-09-23 17:00,0.0,0.0,0.0,0.0,1.0,500.0,2.0,0.0,0.0,5.0,6.0,0.0,4.0,0.0,0.0,0.0,1.0,0.0,0.0,13.0,0.0,3.0,2.0,0.0,0.0,0.0,0.0,0.0,0.0,2.0,1,4,6,0.0,0,5,1,0,4,0,0
2024-09-23 18:00,0.0,17.0,4.0,0.0,1.0,500.0,0.0,0.0,0.0,9.0,1.0,0.0,1.0,0.0,0.0,0.0,3.0,0.0,0.0,13.0,0.0,2.0,2.0,0.0,0.0,0.0,0.0,0.0,0.0,2.0,1,1,6,1.0,1,0,0,0,4,0,0
2024-09-23 19:00,0.0,17.0,6.0,0.0,1.0,500.0,47.0,4.0,0.0,6.0,1.0,0.0,1.0,0.0,0.0,0.0,2.0,0.0,97.0,0.0,0.0,1.0,0.0,0.0,0.0,0.0,0.0,0.0,0.0,0.0,0,0,0,3.0,1,0,0,0,0,0,0
2024-09-23 20:00,0.0,17.0,2.0,0.0,1.0,0.0,32.0,0.0,0.0,2.0,1.0,0.0,1.0,0.0,0.0,0.0,0.0,0.0,97.0,0.0,0.0,1.0,0.0,0.0,0.0,0.0,0.0,0.0,0.0,0.0,5,0,0,1.0,2,0,4,0,0,0,0
2024-09-23 21:00,0.0,17.0,2.0,0.0,1.0,0.0,10.0,0.0,0.0,1.0,4.0,0.0,0.0,0.0,0.0,0.0,0.0,0.0,97.0,2.0,0.0,0.0,0.0,0.0,0.0,0.0,0.0,0.0,0.0,0.0,5,0,0,0.0,2,1,4,0,0,0,0
2024-09-23 22:00,0.0,17.0,0.0,0.0,1.0,0.0,0.0,0.0,0.0,2.0,4.0,0.0,0.0,0.0,0.0,0.0,0.0,0.0,97.0,1.0,0.0,0.0,44.0,0.0,0.0,0.0,0.0,0.0,0.0,0.0,4,1,1,0.0,2,1,4,0,0,0,0
2024-09-23 23:00,0.0,0.0,0.0,0.0,0.0,0.0,0.0,0.0,0.0,2.0,0.0,0.0,0.0,0.0,0.0,0.0,0.0,0.0,0.0,0.0,0.0,0.0,54.0,0.0,0.0,0.0,0.0,0.0,0.0,0.0,0,0,1,0.0,2,0,4,0,0,0,0
2024-09-24 00:00,0.0,0.0,0.0,0.0,0.0,0.0,0.0,0.0,1.0,1.0,1.0,0.0,0.0,0.0,0.0,0.0,0.0,0.0,0.0,0.0,0.0,0.0,0.0,0.0,3.0,0.0,0.0,0.0,0.0,1.0,0,0,0,0.0,2,0,4,0,0,0,0
2024-09-24 01:00,0.0,0.0,0.0,0.0,0.0,0.0,0.0,0.0,1.0,0.0,1.0,0.0,0.0,0.0,0.0,0.0,0.0,0.0,0.0,0.0,0.0,0.0,0.0,0.0,0.0,0.0,0.0,0.0,0.0,0.0,0,1,0,0.0,2,0,4,0,0,0,0
2024-09-24 02:00,0.0,412.0,0.0,0.0,0.0,0.0,0.0,0.0,1.0,0.0,1.0,0.0,0.0,0.0,0.0,0.0,0.0,0.0,0.0,0.0,0.0,1.0,0.0,0.0,0.0,0.0,0.0,0.0,0.0,0.0,0,1,0,0.0,2,1,7,0,0,0,0
2024-09-24 03:00,0.0,0.0,0.0,0.0,0.0,0.0,0.0,0.0,0.0,0.0,1.0,0.0,0.0,0.0,0.0,0.0,0.0,0.0,0.0,0.0,0.0,1.0,0.0,0.0,0.0,0.0,0.0,0.0,0.0,0.0,0,0,0,0.0,5,0,7,0,0,0,0
2024-09-24 04:00,0.0,0.0,0.0,0.0,1.0,0.0,0.0,0.0,0.0,0.0,1.0,0.0,0.0,0.0,0.0,0.0,0.0,0.0,0.0,0.0,0.0,1.0,0.0,0.0,0.0,0.0,0.0,0.0,0.0,0.0,0,0,0,0.0,2,0,7,0,0,0,0
2024-09-24 05:00,0.0,0.0,0.0,0.0,0.0,0.0,0.0,0.0,0.0,3.0,0.0,0.0,0.0,0.0,0.0,0.0,0.0,0.0,0.0,0.0,0.0,43.0,0.0,0.0,0.0,0.0,0.0,0.0,0.0,0.0,0,0,4,0.0,4,0,7,0,1,0,0
2024-09-24 06:00,0.0,0.0,0.0,0.0,0.0,0.0,0.0,0.0,0.0,18.0,0.0,0.0,0.0,0.0,0.0,0.0,0.0,0.0,0.0,0.0,0.0,43.0,0.0,0.0,0.0,0.0,0.0,0.0,0.0,0.0,0,0,4,0.0,3,0,4,0,1,0,0
2024-09-24 07:00,0.0,1.0,0.0,0.0,1.0,0.0,0.0,0.0,1.0,18.0,0.0,0.0,0.0,0.0,0.0,0.0,0.0,0.0,0.0,0.0,0.0,2.0,0.0,2.0,0.0,0.0,0.0,0.0,0.0,0.0,0,0,0,15.0,5,0,4,0,1,0,0
2024-09-24 08:00,0.0,1.0,0.0,0.0,3.0,4.0,0.0,1.0,0.0,19.0,0.0,0.0,0.0,0.0,0.0,0.0,0.0,0.0,0.0,0.0,0.0,328.0,0.0,0.0,0.0,0.0,0.0,1.0,1.0,0.0,0,0,12,15.0,0,0,4,0,1,0,0
2024-09-24 09:00,0.0,0.0,0.0,0.0,3.0,6.0,1.0,1.0,0.0,9.0,17.0,0.0,7.0,0.0,0.0,0.0,0.0,0.0,0.0,5.0,0.0,16.0,3.0,12.0,1.0,0.0,0.0,4.0,1.0,1.0,2,5,19,0.0,2,1,10,1,1,1,0
2024-09-24 10:00,0.0,0.0,0.0,0.0,10.0,7.0,14.0,1.0,4.0,6.0,23.0,0.0,9.0,0.0,0.0,0.0,0.0,1.0,1.0,12.0,0.0,176.0,3.0,1.0,3.0,0.0,2.0,5.0,1194.0,1.0,4,9,191,0.0,2,2,14,2,1,1,1
2024-09-24 11:00,0.0,1.0,1.0,0.0,101.0,11.0,55.0,1.0,4.0,5.0,23.0,0.0,9.0,0.0,0.0,0.0,0.0,1.0,0.0,5.0,0.0,20.0,3.0,0.0,3.0,0.0,6.0,4.0,1194.0,3.0,4,7,5,0.0,4,1,8,1,2,1,2
2024-09-24 12:00,0.0,1.0,0.0,2.0,102.0,9.0,17.0,1.0,0.0,1.0,20.0,2.0,5.0,0.0,0.0,0.0,0.0,0.0,0.0,18.0,0.0,14.0,0.0,6.0,1.0,0.0,9.0,4.0,10.0,2.0,0,7,5,0.0,2,1,8,1,1,4,2
2024-09-24 13:00,0.0,1.0,0.0,2.0,21.0,7.0,6.0,0.0,0.0,4.0,28.0,0.0,12.0,0.0,0.0,0.0,0.0,0.0,0.0,5.0,0.0,14.0,0.0,5.0,1.0,0.0,9.0,1.0,10.0,6.0,0,7,15,1.0,2,0,43,1,0,5,0
2024-09-24 14:00,0.0,1.0,200.0,1.0,22.0,3.0,1.0,2.0,0.0,1.0,8.0,0.0,8.0,0.0,0.0,0.0,0.0,0.0,0.0,3.0,0.0,2.0,0.0,0.0,0.0,0.0,0.0,1.0,10.0,5.0,0,52,975,2.0,8,0,9,1,1,6,0
2024-09-24 15:00,0.0,2.0,14.0,1.0,22.0,3.0,1.0,0.0,1.0,7.0,9.0,0.0,14.0,0.0,0.0,0.0,0.0,0.0,0.0,3.0,0.0,2.0,0.0,0.0,0.0,0.0,1.0,1.0,11.0,2.0,2,5,4,1.0,0,0,26,0,0,5,4
2024-09-24 16:00,0.0,1.0,16.0,0.0,7.0,2.0,1.0,0.0,1.0,7.0,6.0,265.0,5.0,0.0,0.0,1.0,0.0,0.0,0.0,1.0,0.0,1.0,0.0,0.0,0.0,0.0,0.0,4.0,1.0,2.0,2,1,3,1.0,1,1,0,0,0,1,0
2024-09-24 17:00,0.0,1.0,4.0,0.0,5.0,0.0,1.0,0.0,1.0,6.0,4.0,265.0,1.0,0.0,0.0,1.0,1.0,0.0,0.0,31.0,0.0,2.0,0.0,0.0,0.0,0.0,0.0,8.0,1.0,2.0,2,0,2,6.0,0,1,0,0,0,3,0
2024-09-24 18:00,0.0,1.0,2.0,0.0,13.0,0.0,1.0,0.0,0.0,1.0,5.0,265.0,0.0,0.0,0.0,1.0,0.0,0.0,0.0,31.0,0.0,5.0,0.0,0.0,0.0,0.0,0.0,5.0,0.0,1.0,0,1,2,1.0,1,2,0,0,0,0,0
2024-09-24 19:00,0.0,1.0,3.0,0.0,4.0,1.0,1.0,0.0,0.0,0.0,7.0,80.0,19.0,0.0,0.0,1.0,10.0,0.0,3.0,31.0,0.0,4.0,0.0,0.0,0.0,0.0,1.0,5.0,1.0,1.0,22,2,1,1.0,0,0,33,0,0,0,1
2024-09-24 20:00,0.0,1.0,2.0,0.0,1.0,16.0,9.0,1.0,0.0,9014.0,5.0,80.0,461.0,0.0,0.0,1.0,0.0,0.0,0.0,31.0,0.0,0.0,0.0,0.0,0.0,0.0,0.0,0.0,0.0,0.0,13,2,1,0.0,0,0,1,0,0,0,1
2024-09-24 21:00,0.0,9.0,5.0,0.0,4.0,545.0,10.0,1.0,0.0,10615.0,4.0,82.0,185.0,0.0,0.0,1.0,0.0,0.0,0.0,0.0,0.0,0.0,0.0,0.0,0.0,0.0,0.0,0.0,0.0,0.0,13,2,0,0.0,1,0,1,0,0,0,20
2024-09-24 22:00,0.0,10.0,1.0,0.0,5.0,593.0,3.0,1086.0,0.0,12954.0,4.0,2.0,216.0,0.0,0.0,1.0,0.0,0.0,0.0,1.0,0.0,1.0,0.0,0.0,0.0,0.0,0.0,0.0,0.0,0.0,0,1,0,0.0,0,0,0,0,0,0,20
2024-09-24 23:00,0.0,10.0,0.0,0.0,149.0,923.0,3.0,1147.0,0.0,11770.0,4.0,2.0,31.0,0.0,0.0,0.0,0.0,0.0,0.0,0.0,0.0,1.0,0.0,0.0,0.0,0.0,0.0,0.0,0.0,0.0,0,0,29,0.0,0,0,0,0,0,1,0
2024-09-25 00:00,0.0,10.0,0.0,0.0,351.0,720.0,3.0,1147.0,0.0,9540.0,4.0,2.0,165.0,0.0,0.0,0.0,0.0,0.0,0.0,0.0,0.0,0.0,0.0,0.0,0.0,0.0,0.0,0.0,0.0,0.0,0,0,0,0.0,0,0,0,0,0,1,0
2024-09-25 01:00,0.0,10.0,0.0,0.0,557.0,720.0,19.0,1146.0,0.0,9138.0,4.0,0.0,168.0,0.0,0.0,0.0,0.0,0.0,0.0,0.0,0.0,1.0,0.0,0.0,0.0,0.0,0.0,0.0,0.0,0.0,0,0,2,0.0,0,0,0,0,0,0,0
2024-09-25 02:00,0.0,9.0,0.0,0.0,470.0,699.0,19.0,1146.0,0.0,6782.0,3.0,0.0,167.0,0.0,0.0,0.0,0.0,0.0,0.0,0.0,0.0,1.0,0.0,0.0,0.0,0.0,0.0,0.0,0.0,0.0,0,0,0,0.0,0,0,0,0,0,0,0
2024-09-25 03:00,0.0,9.0,0.0,0.0,109.0,694.0,0.0,1146.0,0.0,6430.0,2.0,0.0,167.0,0.0,0.0,0.0,0.0,0.0,0.0,0.0,0.0,1.0,0.0,0.0,0.0,0.0,0.0,0.0,1.0,0.0,0,0,0,0.0,0,0,0,0,0,1,0
2024-09-25 04:00,0.0,0.0,0.0,0.0,86.0,696.0,0.0,1146.0,0.0,8144.0,3.0,0.0,167.0,0.0,0.0,0.0,0.0,0.0,0.0,0.0,0.0,1.0,0.0,0.0,0.0,0.0,0.0,0.0,1.0,0.0,0,0,0,0.0,0,0,0,0,0,1,0
2024-09-25 05:00,0.0,0.0,0.0,0.0,17.0,700.0,0.0,1146.0,0.0,8159.0,3.0,0.0,38.0,0.0,0.0,0.0,0.0,0.0,0.0,0.0,0.0,1.0,0.0,0.0,0.0,0.0,0.0,0.0,1.0,0.0,0,0,0,0.0,0,0,0,0,0,1,0
2024-09-25 06:00,0.0,0.0,0.0,0.0,19.0,690.0,0.0,1146.0,0.0,8493.0,1.0,0.0,54.0,0.0,0.0,0.0,0.0,0.0,0.0,0.0,0.0,0.0,1.0,0.0,0.0,0.0,0.0,0.0,0.0,0.0,0,0,0,0.0,0,0,0,0,0,0,0
2024-09-25 07:00,0.0,0.0,0.0,0.0,65.0,690.0,0.0,1146.0,0.0,8502.0,1.0,0.0,54.0,0.0,0.0,0.0,1.0,0.0,0.0,0.0,0.0,3.0,1.0,0.0,1.0,0.0,0.0,0.0,0.0,0.0,0,0,12,0.0,0,1,0,0,0,0,0
2024-09-25 08:00,0.0,0.0,0.0,0.0,73.0,369.0,4.0,246.0,2.0,9051.0,1.0,0.0,58.0,0.0,0.0,0.0,2.0,0.0,0.0,2.0,0.0,4.0,1.0,0.0,2.0,1.0,0.0,0.0,4.0,0.0,3,4,36,0.0,6,1,0,4,0,0,1
2024-09-25 09:00,0.0,0.0,0.0,1.0,77.0,375.0,5.0,1103.0,2.0,8303.0,107.0,0.0,38.0,0.0,0.0,0.0,2.0,0.0,0.0,6.0,0.0,17.0,1.0,1.0,0.0,0.0,0.0,0.0,2.0,7.0,1,16,22,0.0,6,1,4,6,0,1,1
2024-09-25 10:00,0.0,0.0,1.0,0.0,18.0,374.0,0.0,1149.0,0.0,7430.0,106.0,0.0,2.0,0.0,0.0,0.0,1.0,0.0,0.0,13.0,0.0,11.0,1.0,1.0,0.0,0.0,0.0,0.0,1.0,5.0,2,22,33,0.0,6,2,7,2,1,1,0
2024-09-25 11:00,0.0,1.0,1.0,0.0,13.0,361.0,4.0,49.0,0.0,8840.0,107.0,0.0,23.0,0.0,0.0,0.0,1.0,0.0,0.0,9.0,0.0,13.0,0.0,0.0,0.0,0.0,0.0,0.0,1.0,4.0,1,2,295,1.0,0,2,4,1,1,1,1
2024-09-25 12:00,0.0,1.0,2.0,0.0,27.0,357.0,5.0,49.0,0.0,7246.0,4.0,0.0,4.0,0.0,0.0,0.0,0.0,0.0,0.0,5.0,0.0,10.0,0.0,11.0,0.0,0.0,0.0,1.0,3.0,22.0,2,83,297,1.0,0,1,0,1,1,1,0
2024-09-25 13:00,0.0,1.0,0.0,0.0,20.0,357.0,0.0,49.0,2.0,4288.0,3.0,0.0,15.0,0.0,0.0,0.0,0.0,2.0,0.0,3.0,0.0,55.0,0.0,0.0,0.0,0.0,60.0,1.0,2.0,0.0,1228,2,289,1.0,0,2,4,1,0,1,0
2024-09-25 14:00,0.0,1.0,0.0,0.0,20.0,355.0,0.0,1146.0,2.0,3887.0,2.0,0.0,18.0,0.0,0.0,0.0,0.0,0.0,0.0,4.0,0.0,11.0,0.0,0.0,0.0,0.0,0.0,0.0,2.0,0.0,0,0,6,3.0,0,39,4,1,0,1,0
2024-09-25 15:00,0.0,458.0,0.0,1.0,2.0,125.0,0.0,2.0,0.0,2257.0,3.0,0.0,7.0,0.0,0.0,0.0,0.0,0.0,0.0,3.0,0.0,4.0,0.0,0.0,0.0,0.0,0.0,0.0,2.0,1.0,1,2,6,3.0,2,1,4,1,0,1,0
2024-09-25 16:00,9.0,2.0,0.0,2.0,8.0,36.0,2.0,0.0,0.0,2075.0,4.0,0.0,6.0,0.0,0.0,0.0,0.0,0.0,0.0,1.0,0.0,1.0,0.0,0.0,0.0,0.0,2.0,0.0,0.0,3.0,1,1,2,0.0,12,2,4,0,0,1,0
2024-09-25 17:00,0.0,16.0,0.0,2.0,9.0,32.0,0.0,0.0,0.0,1791.0,0.0,0.0,13.0,0.0,0.0,60.0,0.0,0.0,0.0,1.0,0.0,1.0,3.0,0.0,0.0,0.0,0.0,0.0,0.0,2.0,0,1,2,0.0,1,3,1,0,0,0,0
2024-09-25 18:00,0.0,1.0,0.0,0.0,8.0,44.0,1.0,0.0,0.0,1978.0,118.0,0.0,169.0,0.0,1.0,60.0,0.0,0.0,0.0,0.0,0.0,1.0,3.0,0.0,0.0,0.0,0.0,0.0,0.0,1.0,1,0,1,0.0,4,2,2,0,0,0,1
2024-09-25 19:00,0.0,1.0,0.0,0.0,7.0,96.0,1.0,39.0,0.0,928.0,118.0,0.0,164.0,0.0,1.0,5.0,0.0,0.0,0.0,0.0,0.0,1.0,3.0,0.0,0.0,0.0,0.0,0.0,0.0,1.0,0,0,1,0.0,1,1,2,1,0,0,0
2024-09-25 20:00,0.0,1.0,0.0,0.0,25.0,143.0,2.0,102.0,0.0,780.0,91.0,0.0,38.0,0.0,0.0,0.0,0.0,0.0,0.0,0.0,0.0,1.0,0.0,0.0,0.0,0.0,0.0,0.0,0.0,1.0,0,0,1,0.0,0,3,2,1,0,0,0
2024-09-25 21:00,0.0,1.0,0.0,0.0,25.0,134.0,0.0,102.0,0.0,600.0,91.0,0.0,18.0,0.0,0.0,0.0,0.0,0.0,0.0,0.0,0.0,0.0,1.0,0.0,0.0,0.0,0.0,0.0,0.0,12.0,0,0,2,0.0,0,0,2,0,0,0,0
2024-09-25 22:00,0.0,0.0,0.0,0.0,19.0,125.0,0.0,102.0,0.0,1070.0,90.0,0.0,18.0,0.0,0.0,0.0,0.0,0.0,0.0,5.0,0.0,1.0,0.0,0.0,0.0,0.0,0.0,0.0,0.0,11.0,0,0,0,0.0,0,0,0,0,0,0,0
2024-09-25 23:00,0.0,0.0,0.0,0.0,1.0,60.0,0.0,0.0,0.0,1093.0,17.0,0.0,19.0,0.0,0.0,0.0,0.0,0.0,0.0,5.0,0.0,0.0,0.0,0.0,0.0,0.0,0.0,0.0,0.0,11.0,0,1,90,0.0,0,0,2,0,0,0,0
2024-09-26 00:00,0.0,0.0,0.0,0.0,1.0,48.0,0.0,0.0,0.0,1070.0,17.0,0.0,64.0,0.0,0.0,0.0,0.0,0.0,0.0,0.0,0.0,0.0,0.0,0.0,17.0,0.0,0.0,0.0,0.0,12.0,1,8,91,0.0,0,0,2,0,0,0,0
2024-09-26 01:00,0.0,0.0,0.0,0.0,1.0,36.0,0.0,0.0,0.0,1082.0,2.0,0.0,506.0,0.0,0.0,0.0,0.0,0.0,0.0,0.0,0.0,0.0,0.0,0.0,0.0,0.0,0.0,0.0,0.0,0.0,1,8,91,0.0,0,0,2,0,0,0,0
2024-09-26 02:00,0.0,0.0,0.0,0.0,1.0,123.0,0.0,0.0,0.0,1173.0,21.0,0.0,432.0,0.0,0.0,0.0,0.0,0.0,0.0,0.0,0.0,0.0,0.0,0.0,0.0,0.0,0.0,0.0,1.0,0.0,0,8,90,0.0,0,0,2,0,0,0,0
2024-09-26 03:00,0.0,0.0,0.0,0.0,452.0,355.0,0.0,0.0,0.0,1172.0,22.0,0.0,89.0,0.0,0.0,0.0,0.0,0.0,0.0,0.0,0.0,0.0,0.0,0.0,0.0,0.0,0.0,0.0,0.0,0.0,0,8,1,0.0,0,0,0,0,0,0,0
2024-09-26 04:00,0.0,0.0,0.0,1.0,7.0,323.0,6.0,0.0,0.0,1173.0,143.0,0.0,71.0,0.0,0.0,0.0,0.0,0.0,0.0,0.0,0.0,0.0,0.0,0.0,0.0,0.0,0.0,0.0,0.0,0.0,0,8,9,0.0,0,0,8,0,0,0,0
2024-09-26 05:00,0.0,0.0,0.0,1.0,49.0,11.0,6.0,0.0,15.0,1159.0,177.0,0.0,138.0,0.0,0.0,0.0,0.0,0.0,0.0,0.0,0.0,5.0,0.0,0.0,0.0,0.0,0.0,0.0,0.0,0.0,0,0,7,0.0,0,0,8,0,0,6,0
2024-09-26 06:00,0.0,0.0,0.0,6.0,50.0,13.0,4.0,0.0,15.0,1139.0,187.0,0.0,475.0,0.0,0.0,0.0,0.0,1.0,0.0,0.0,0.0,345.0,0.0,0.0,0.0,0.0,0.0,47.0,0.0,0.0,0,0,5,0.0,0,0,13,0,0,6,0
2024-09-26 07:00,0.0,2.0,0.0,5.0,474.0,2044.0,4.0,0.0,15.0,1211.0,193.0,0.0,685.0,0.0,0.0,0.0,5.0,66.0,0.0,1.0,0.0,1.0,0.0,0.0,0.0,0.0,0.0,73.0,0.0,13.0,16,1,0,0.0,0,6,5,3,0,6,0
2024-09-26 08:00,6.0,29.0,12.0,5.0,51.0,864.0,30.0,0.0,1.0,1234.0,201.0,0.0,460.0,16.0,0.0,0.0,5.0,159.0,0.0,2.0,0.0,3.0,0.0,0.0,0.0,0.0,1.0,73.0,0.0,16.0,12,5,4,0.0,0,4,5,4,3,0,0
2024-09-26 09:00,7.0,28.0,12.0,6.0,52.0,41.0,1.0,2.0,0.0,1207.0,190.0,0.0,179.0,16.0,0.0,0.0,5.0,158.0,0.0,4.0,0.0,4.0,0.0,0.0,0.0,0.0,201.0,27.0,1.0,38.0,7,410,9,1.0,0,6,7,156,76,1,0
2024-09-26 10:00,7.0,29.0,12.0,6.0,51.0,23.0,4.0,0.0,0.0,1812.0,55.0,0.0,140.0,16.0,0.0,0.0,0.0,69.0,0.0,32.0,0.0,12.0,0.0,0.0,1.0,2.0,11.0,27.0,1.0,5.0,70,3,9,1.0,3,5,13,2,76,0,0
2024-09-26 11:00,5.0,8.0,0.0,2.0,43.0,6.0,7.0,0.0,0.0,1638.0,133.0,0.0,128.0,0.0,0.0,0.0,0.0,0.0,0.0,8.0,0.0,17.0,0.0,0.0,127.0,28.0,0.0,1.0,0.0,2.0,4,0,2,1.0,3,4,6,5,78,0,0
2024-09-26 12:00,0.0,19.0,1.0,20.0,212.0,3.0,8.0,0.0,0.0,1204.0,53.0,0.0,135.0,0.0,0.0,0.0,1.0,0.0,0.0,222.0,0.0,21.0,1.0,1.0,26.0,28.0,0.0,0.0,0.0,4.0,1,7,11,0.0,15,5,6,2,0,0,1
2024-09-26 13:00,0.0,19.0,1.0,24.0,208.0,0.0,153.0,652.0,0.0,1116.0,152.0,0.0,1347.0,0.0,0.0,0.0,19.0,1.0,0.0,11.0,384.0,472.0,285.0,52.0,1.0,1.0,18.0,1.0,0.0,2.0,4,13,12,1.0,0,2,13,2,0,1,0
2024-09-26 14:00,0.0,3.0,3.0,24.0,207.0,12.0,159.0,263.0,176.0,551.0,12.0,0.0,1357.0,0.0,0.0,0.0,19.0,1.0,0.0,139.0,19.0,737.0,195.0,51.0,0.0,0.0,15.0,47.0,0.0,15.0,185,32,31,8.0,1,3,12,2,1,1,0
2024-09-26 15:00,0.0,34.0,6.0,3.0,297.0,28.0,183.0,40.0,210.0,35.0,37.0,0.0,99.0,0.0,0.0,4.0,0.0,0.0,0.0,12.0,16.0,1550.0,16.0,51.0,8.0,0.0,0.0,47.0,1080.0,9.0,80,37,4,8.0,1,1,4,2,2,1,0
2024-09-26 16:00,0.0,2.0,7.0,14.0,381.0,29.0,1.0,41.0,1.0,49.0,66.0,0.0,102.0,0.0,0.0,4.0,0.0,0.0,0.0,1.0,9.0,99.0,9.0,51.0,9.0,1.0,0.0,17.0,1.0,296.0,59,5,3,0.0,0,0,4,225,2,2,0
2024-09-26 17:00,0.0,20.0,17.0,12.0,493.0,23.0,4.0,39.0,0.0,53.0,604.0,0.0,101.0,0.0,0.0,4.0,0.0,0.0,0.0,1.0,9.0,188.0,17.0,2.0,0.0,14.0,0.0,17.0,1.0,1674.0,3,7,91,1.0,0,278,0,346,2,5,1
2024-09-26 18:00,0.0,36.0,17.0,4.0,144.0,23.0,8.0,42.0,0.0,102.0,603.0,0.0,96.0,0.0,0.0,4.0,0.0,0.0,0.0,0.0,9.0,189.0,18.0,51.0,0.0,14.0,0.0,0.0,5.0,412.0,4,9,92,1.0,0,5,4,342,1,15,1
2024-09-26 19:00,0.0,24.0,17.0,0.0,117.0,138.0,8.0,69.0,0.0,340.0,11.0,0.0,98.0,0.0,0.0,4.0,0.0,0.0,1.0,94.0,9.0,315.0,10.0,51.0,0.0,14.0,0.0,0.0,5.0,1114.0,8,1,135,2.0,2,213,5,343,2,11,2012
2024-09-26 20:00,0.0,21.0,14.0,0.0,282.0,968.0,8.0,40.0,0.0,307.0,4.0,0.0,1165.0,0.0,0.0,0.0,0.0,0.0,1.0,74.0,3.0,203.0,9.0,51.0,0.0,0.0,0.0,1.0,5.0,986.0,10,1,20,2.0,12,7,23,344,27,1,2012
2024-09-26 21:00,0.0,6.0,21.0,5.0,489.0,987.0,145.0,0.0,0.0,64.0,22.0,0.0,466.0,0.0,0.0,0.0,0.0,0.0,0.0,469.0,0.0,31.0,16.0,59.0,0.0,0.0,254.0,1.0,0.0,364.0,24,1,46,0.0,0,2,2698,353,26,0,2016
2024-09-26 22:00,0.0,8.0,22.0,33.0,336.0,990.0,138.0,8.0,142.0,513.0,24.0,0.0,154.0,0.0,0.0,0.0,0.0,8.0,0.0,1.0,0.0,18.0,20.0,51.0,0.0,0.0,40.0,1.0,0.0,295.0,37,41,226,0.0,1,2,9,462,1,47,2032
2024-09-26 23:00,0.0,8.0,45.0,19.0,511.0,377.0,8.0,8.0,143.0,677.0,24.0,0.0,77.0,0.0,3.0,0.0,0.0,377.0,0.0,3.0,0.0,34.0,3701.0,450.0,1.0,0.0,40.0,1.0,79.0,271.0,1700,35,2622,0.0,1,0,14,121,0,47,30
2024-09-27 00:00,17.0,48.0,32.0,58.0,453.0,950.0,197.0,8.0,78.0,1007.0,224.0,0.0,78.0,0.0,77.0,0.0,0.0,316.0,0.0,47.0,453.0,42.0,4290.0,748.0,0.0,3.0,42.0,1.0,434.0,208.0,1345,5,3517,0.0,0,0,5,121,0,2,13
2024-09-27 01:00,17.0,52.0,1681.0,289.0,313.0,981.0,1279.0,1.0,101.0,1309.0,241.0,0.0,615.0,0.0,77.0,8.0,1.0,762.0,0.0,1062.0,453.0,88.0,6182.0,1879.0,65.0,67.0,62.0,595.0,1110.0,631.0,5909,36,3274,24.0,0,0,4,45,1,9,13
2024-09-27 02:00,18.0,838.0,2155.0,758.0,299.0,2417.0,1547.0,1.0,398.0,5035.0,1268.0,2.0,2788.0,0.0,77.0,467.0,34.0,2388.0,4.0,5010.0,655.0,3702.0,7870.0,3195.0,300.0,84.0,61.0,624.0,6978.0,603.0,15859,616,4726,118.0,1,48,4,38,1,99,449
2024-09-27 03:00,27.0,862.0,1189.0,3615.0,2588.0,1488.0,6052.0,114.0,463.0,7847.0,1719.0,34.0,5055.0,1.0,658.0,523.0,41.0,2712.0,698.0,5627.0,884.0,7998.0,10248.0,3521.0,660.0,91.0,997.0,328.0,11585.0,643.0,20088,320,18253,162.0,1,362,4,96,1,581,554
2024-09-27 04:00,294.0,5357.0,3619.0,5593.0,5245.0,1454.0,21158.0,397.0,524.0,9367.0,3251.0,724.0,5070.0,204.0,1261.0,1737.0,317.0,3094.0,1244.0,16344.0,1645.0,18512.0,14995.0,5461.0,1904.0,438.0,443.0,468.0,10052.0,2822.0,25709,2411,23996,794.0,3,346,4,162,0,2334,1732
2024-09-27 05:00,726.0,11583.0,4925.0,11976.0,11780.0,7082.0,70304.0,643.0,2315.0,20705.0,11220.0,2873.0,9748.0,365.0,2348.0,1975.0,2922.0,5780.0,2311.0,30714.0,2037.0,32806.0,20104.0,7132.0,6531.0,874.0,2776.0,1797.0,21992.0,6902.0,38125,13933,35783,2945.0,31,1075,1595,2505,3,7140,3315
2024-09-27 06:00,763.0,24300.0,17352.0,6655.0,35131.0,16208.0,49536.0,3116.0,5793.0,82728.0,38680.0,2999.0,23196.0,625.0,3283.0,2874.0,4552.0,5888.0,3365.0,50601.0,2133.0,53637.0,20571.0,7205.0,8675.0,2500.0,4743.0,4077.0,18193.0,10043.0,42644,16112,40412,3824.0,148,5050,2731,8758,11,9256,4941
2024-09-27 07:00,1456.0,28296.0,27639.0,7349.0,91794.0,33098.0,56060.0,13446.0,6013.0,194977.0,78090.0,2609.0,49940.0,2040.0,3284.0,3588.0,5434.0,6998.0,6005.0,70493.0,2334.0,77413.0,21128.0,7213.0,9570.0,2840.0,6384.0,8254.0,23454.0,42825.0,43568,14900,41358,4484.0,1201,5320,7167,12844,267,6141,6182
2024-09-27 08:00,1456.0,26924.0,27936.0,7352.0,165356.0,36326.0,56677.0,17553.0,6044.0,248991.0,87176.0,3653.0,55535.0,2045.0,3332.0,4318.0,6299.0,7013.0,5489.0,80985.0,2832.0,89282.0,23305.0,7233.0,8839.0,2807.0,8514.0,11134.0,21540.0,44967.0,43345,13163,34839,3432.0,2452,5441,8879,13394,285,5650,6783
2024-09-27 09:00,1456.0,26924.0,27951.0,7357.0,187585.0,37838.0,56609.0,23592.0,6044.0,259317.0,97234.0,5465.0,60756.0,2054.0,3333.0,4394.0,6773.0,7146.0,4821.0,80983.0,2857.0,92035.0,22558.0,7105.0,8914.0,3433.0,8666.0,12579.0,14899.0,78874.0,43835,11992,30260,3254.0,1460,4340,7157,14643,366,7044,5586
2024-09-27 10:00,1456.0,26924.0,20987.0,7393.0,182983.0,38165.0,57076.0,25451.0,6044.0,260293.0,98663.0,5721.0,63474.0,2037.0,3333.0,4386.0,7162.0,7154.0,4997.0,77016.0,2858.0,90581.0,21170.0,7146.0,8186.0,3124.0,8828.0,12651.0,13598.0,74694.0,38204,8803,26982,3035.0,1592,3294,6329,17002,359,5543,5009
2024-09-27 11:00,1456.0,26924.0,20982.0,7394.0,183039.0,37609.0,54515.0,27793.0,6045.0,261130.0,99163.0,7026.0,46674.0,2082.0,3341.0,4415.0,7229.0,7200.0,3286.0,68457.0,2830.0,84952.0,22281.0,5333.0,5732.0,535.0,7194.0,12177.0,10456.0,70255.0,33766,7782,20950,2080.0,1406,2235,3274,15331,304,4948,4081
2024-09-27 12:00,1456.0,26924.0,20985.0,7396.0,183097.0,37575.0,56325.0,28183.0,6045.0,261130.0,99867.0,7026.0,44777.0,2085.0,3347.0,4416.0,6450.0,7201.0,3197.0,69261.0,2830.0,79482.0,20548.0,7578.0,4350.0,587.0,7194.0,11434.0,8524.0,59873.0,31970,7169,21436,1895.0,1181,1973,1831,14537,283,4685,3165
2024-09-27 13:00,1456.0,26924.0,20988.0,7400.0,183120.0,36955.0,56395.0,28193.0,6045.0,261130.0,100662.0,7026.0,44825.0,2086.0,3351.0,4417.0,6116.0,7260.0,3452.0,64555.0,2578.0,77360.0,17481.0,6199.0,3892.0,677.0,6539.0,12696.0,7628.0,54056.0,31675,6189,19806,1248.0,424,1932,782,10713,141,4225,2104
2024-09-27 14:00,1456.0,26924.0,20996.0,7406.0,183145.0,36891.0,56073.0,27616.0,6045.0,261130.0,101926.0,5573.0,45666.0,2087.0,3350.0,4418.0,6126.0,7261.0,3359.0,57658.0,2304.0,73537.0,18489.0,6579.0,3370.0,611.0,6278.0,11432.0,7134.0,51473.0,31309,4956,15895,1323.0,356,2184,378,10731,126,3613,2056
2024-09-27 15:00,1456.0,26924.0,21004.0,7406.0,183223.0,35512.0,55507.0,28001.0,5945.0,261130.0,102820.0,6389.0,46174.0,2086.0,3350.0,4435.0,6519.0,7260.0,3475.0,56835.0,2312.0,71263.0,18253.0,6981.0,3582.0,571.0,6088.0,11500.0,5865.0,49689.0,31199,4489,14522,1062.0,221,1843,57,10780,125,3477,1997
2024-09-27 16:00,1456.0,26924.0,21007.0,7408.0,183261.0,35070.0,54422.0,28006.0,5967.0,261077.0,102331.0,6399.0,45967.0,2086.0,3350.0,4436.0,6361.0,7225.0,3463.0,55147.0,2306.0,63567.0,16660.0,6677.0,3313.0,560.0,5683.0,11819.0,4988.0,46650.0,29294,3603,10773,1169.0,124,1809,38,10501,123,2872,1701
2024-09-27 17:00,1456.0,26924.0,21011.0,7518.0,183269.0,34611.0,54511.0,28042.0,5818.0,261077.0,102406.0,6409.0,45918.0,2258.0,3347.0,4436.0,6058.0,7225.0,3445.0,55499.0,2314.0,64174.0,14269.0,6206.0,3409.0,599.0,5401.0,11950.0,4835.0,45771.0,26345,3035,9938,1147.0,125,2172,34,10100,94,2646,1780
2024-09-27 18:00,1456.0,26924.0,22272.0,7383.0,183269.0,34984.0,54438.0,27703.0,5839.0,261077.0,102400.0,6409.0,50542.0,2258.0,3369.0,4436.0,5371.0,6902.0,3492.0,54141.0,2330.0,60437.0,15037.0,5865.0,3369.0,305.0,4964.0,10274.0,4195.0,41379.0,24055,2017,8753,648.0,87,2167,62,10406,13,1483,1551
2024-09-27 19:00,1456.0,26924.0,22272.0,7407.0,183096.0,34296.0,51562.0,26902.0,5864.0,261077.0,103712.0,6392.0,55219.0,2258.0,3370.0,4436.0,5632.0,5222.0,3165.0,52165.0,2329.0,58498.0,14258.0,5924.0,2846.0,430.0,4885.0,10034.0,4090.0,40533.0,24669,1427,7906,510.0,44,1786,57,10327,8,1413,1011
2024-09-27 20:00,1456.0,26924.0,22273.0,7411.0,183097.0,31317.0,50113.0,27619.0,5864.0,261077.0,103191.0,6427.0,54145.0,2258.0,3371.0,4436.0,5670.0,5476.0,2935.0,46518.0,2332.0,55403.0,13763.0,5185.0,2857.0,325.0,4277.0,10472.0,3965.0,39749.0,22114,1082,6480,467.0,32,1702,37,8021,5,1174,942
2024-09-27 21:00,1456.0,26924.0,22271.0,6899.0,182069.0,34794.0,50092.0,27068.0,5986.0,261077.0,102979.0,6677.0,54608.0,2258.0,3371.0,4436.0,5318.0,4747.0,2956.0,46179.0,2333.0,58005.0,13238.0,5312.0,2775.0,318.0,4263.0,10534.0,3490.0,38965.0,20582,801,6005,387.0,25,1568,17,7802,7,763,822
2024-09-27 22:00,1456.0,26924.0,22272.0,6259.0,182076.0,36021.0,50134.0,27170.0,6000.0,260851.0,103067.0,6704.0,57256.0,2258.0,3371.0,4436.0,5366.0,5598.0,3235.0,46009.0,2326.0,57102.0,13281.0,5266.0,2254.0,259.0,3995.0,10367.0,2698.0,38375.0,21636,479,5499,385.0,18,643,16,7662,6,776,718
2024-09-27 23:00,1456.0,26924.0,22272.0,6262.0,182079.0,36569.0,50223.0,27170.0,6000.0,260851.0,102000.0,6706.0,44666.0,2258.0,3371.0,4436.0,5058.0,4385.0,3173.0,45737.0,2326.0,54550.0,12932.0,5063.0,1784.0,125.0,3943.0,10202.0,2113.0,36709.0,20752,418,4932,381.0,18,610,12,6338,4,748,657
2024-09-28 00:00,1456.0,26924.0,38547.0,5930.0,191088.0,36569.0,50340.0,27179.0,6000.0,284162.0,102466.0,6724.0,44668.0,2265.0,3371.0,4743.0,5071.0,4294.0,3175.0,43080.0,2326.0,53191.0,10580.0,5017.0,1786.0,125.0,3911.0,9921.0,1758.0,36254.0,20651,363,4530,383.0,18,594,12,6188,3,718,549
2024-09-28 01:00,1456.0,26924.0,38547.0,5931.0,191096.0,36556.0,50349.0,27179.0,6000.0,284162.0,97708.0,6724.0,44683.0,2265.0,3371.0,4743.0,5072.0,4317.0,3175.0,40662.0,2327.0,51245.0,10612.0,5019.0,1786.0,124.0,3918.0,9924.0,1717.0,36230.0,20607,352,4425,381.0,18,591,12,7652,3,719,541
2024-09-28 02:00,1456.0,26924.0,38547.0,5932.0,191096.0,36562.0,50349.0,27179.0,6000.0,284162.0,95478.0,6724.0,44781.0,2265.0,3371.0,4743.0,4962.0,4318.0,3167.0,40364.0,2328.0,50382.0,10620.0,5020.0,1786.0,124.0,3828.0,9922.0,1718.0,36049.0,20601,350,4258,381.0,18,589,12,7703,3,700,544
2024-09-28 03:00,1456.0,26924.0,38547.0,5933.0,191096.0,36042.0,50350.0,27179.0,6000.0,284162.0,95556.0,6724.0,44781.0,2265.0,3371.0,4743.0,4963.0,4349.0,3168.0,38837.0,2328.0,48901.0,10655.0,5112.0,1788.0,125.0,3816.0,9949.0,1711.0,35739.0,20148,349,3803,415.0,18,587,12,6614,3,662,540
2024-09-28 04:00,1456.0,26924.0,38547.0,5946.0,191096.0,34252.0,50348.0,27180.0,6000.0,284162.0,94809.0,6724.0,44095.0,2265.0,3371.0,4745.0,4961.0,4312.0,3168.0,39085.0,2328.0,47186.0,10386.0,5012.0,1788.0,125.0,4064.0,9950.0,1712.0,35639.0,19967,346,3670,410.0,19,576,12,5094,3,661,525
2024-09-28 05:00,1456.0,26924.0,38547.0,5947.0,191098.0,33981.0,50350.0,27180.0,6000.0,284162.0,95259.0,6724.0,44097.0,2265.0,3371.0,4745.0,4841.0,4313.0,3168.0,39113.0,2328.0,47044.0,10387.0,5011.0,1788.0,125.0,4059.0,9864.0,1712.0,35411.0,19973,346,3596,401.0,18,573,12,5096,3,662,505
2024-09-28 06:00,1456.0,26924.0,38545.0,5999.0,191100.0,33856.0,50349.0,27180.0,6001.0,284162.0,95464.0,6724.0,44121.0,2264.0,3371.0,4746.0,4841.0,4315.0,3168.0,39047.0,2328.0,46974.0,10494.0,5009.0,1790.0,127.0,4060.0,9871.0,1733.0,35402.0,19993,344,3588,400.0,19,575,12,5071,3,663,504
2024-09-28 07:00,1456.0,26924.0,38547.0,6005.0,189726.0,33605.0,50353.0,27204.0,6001.0,284162.0,95511.0,6730.0,44124.0,2264.0,3371.0,4746.0,4841.0,4353.0,2975.0,37786.0,2330.0,47231.0,10632.0,5012.0,1333.0,116.0,4060.0,9750.0,1742.0,34608.0,20012,315,4522,397.0,18,552,10,5072,3,656,451
2024-09-28 08:00,1456.0,26924.0,38547.0,6201.0,191580.0,33653.0,50439.0,27269.0,6001.0,284162.0,96664.0,6734.0,44047.0,2264.0,3371.0,4746.0,4950.0,4427.0,2911.0,37847.0,2330.0,44877.0,10930.0,5076.0,1342.0,126.0,4017.0,9722.0,1756.0,34379.0,19787,287,3548,366.0,20,521,106,5082,3,506,428
2024-09-28 09:00,1456.0,26924.0,38546.0,6218.0,192850.0,33502.0,49428.0,27315.0,6001.0,286486.0,97015.0,6734.0,44082.0,2264.0,3372.0,4746.0,5194.0,4432.0,2660.0,36058.0,2330.0,43197.0,10280.0,4854.0,1345.0,113.0,4269.0,9194.0,1601.0,34897.0,19734,306,3264,348.0,43,511,100,5273,2,419,462
2024-09-28 10:00,1456.0,26924.0,38546.0,6404.0,192866.0,32298.0,49564.0,26670.0,6001.0,286289.0,97169.0,6734.0,42481.0,2265.0,3373.0,4748.0,5148.0,4471.0,2550.0,33095.0,2337.0,40265.0,9893.0,4134.0,1402.0,156.0,4151.0,9229.0,1422.0,32495.0,19712,294,2938,75.0,66,470,18,4540,2,375,315
2024-09-28 11:00,1988.0,26924.0,38547.0,13605.0,192857.0,31657.0,86137.0,27045.0,7352.0,286351.0,97091.0,6452.0,41783.0,2266.0,3373.0,4748.0,5258.0,4489.0,2778.0,34761.0,2050.0,39632.0,10339.0,4092.0,3832.0,589.0,4158.0,9256.0,1268.0,31843.0,19537,288,1748,77.0,67,400,34,4570,2,346,261
2024-09-28 12:00,1988.0,26924.0,38548.0,13674.0,192779.0,31522.0,86380.0,26845.0,7352.0,288277.0,97014.0,6236.0,48079.0,2267.0,3374.0,4749.0,4827.0,4530.0,2618.0,34885.0,2063.0,43567.0,10468.0,4848.0,3892.0,665.0,4179.0,9207.0,1134.0,31410.0,19428,424,1663,48.0,14,395,36,4365,2,295,251
2024-09-28 13:00,1988.0,26924.0,38549.0,13738.0,192797.0,31315.0,84684.0,27199.0,7352.0,288091.0,97154.0,6244.0,44646.0,2268.0,3374.0,4796.0,5011.0,4551.0,2622.0,32791.0,1875.0,43645.0,10135.0,4791.0,3829.0,557.0,3080.0,8974.0,1330.0,31070.0,18264,277,1705,41.0,1,382,419,4053,2,232,247
2024-09-28 14:00,1988.0,26924.0,38550.0,13740.0,192807.0,30177.0,84042.0,26815.0,7352.0,288113.0,95977.0,6250.0,44364.0,2268.0,3487.0,4796.0,4589.0,4338.0,2524.0,32024.0,1834.0,41644.0,9512.0,4523.0,3799.0,553.0,3173.0,8945.0,1288.0,30637.0,18022,195,1218,41.0,2,370,52,4341,2,186,145
2024-09-28 15:00,1988.0,26924.0,38550.0,13952.0,192815.0,28908.0,83973.0,26815.0,7352.0,287875.0,92409.0,6088.0,43978.0,2269.0,3402.0,4796.0,4378.0,4318.0,2508.0,32066.0,1890.0,39976.0,8450.0,4724.0,3761.0,552.0,3038.0,8813.0,1251.0,28214.0,16887,267,1216,42.0,1,334,4,4302,2,154,124
2024-09-28 16:00,1988.0,26924.0,38550.0,13890.0,190096.0,27614.0,83703.0,26010.0,7353.0,287848.0,91584.0,6088.0,44933.0,2270.0,3206.0,4700.0,4427.0,4340.0,2243.0,30629.0,1890.0,39346.0,8516.0,3745.0,3728.0,551.0,3025.0,8301.0,860.0,27409.0,15855,192,1032,42.0,0,306,28,4289,1,62,74
2024-09-28 17:00,1988.0,26924.0,55556.0,13892.0,198950.0,27451.0,83241.0,26144.0,7353.0,306366.0,90316.0,6108.0,45485.0,2280.0,3174.0,5006.0,4438.0,4227.0,2176.0,29701.0,1650.0,38809.0,8251.0,3817.0,3500.0,550.0,2607.0,7434.0,526.0,26990.0,15498,192,955,7.0,0,213,24,4020,1,47,75
2024-09-28 18:00,1988.0,26924.0,55558.0,13746.0,194360.0,24381.0,83059.0,26142.0,7353.0,306321.0,90123.0,6118.0,44987.0,2280.0,3207.0,5006.0,4457.0,3879.0,2185.0,29367.0,1653.0,36460.0,8054.0,3974.0,3474.0,638.0,2197.0,7329.0,370.0,27200.0,14240,137,618,9.0,1,7,291,3209,6,40,26
2024-09-28 19:00,1988.0,26924.0,27397.0,13535.0,181670.0,25287.0,81547.0,25425.0,7334.0,257736.0,87672.0,6095.0,45103.0,2269.0,2400.0,4423.0,3274.0,3891.0,2178.0,27926.0,1655.0,33814.0,8019.0,3518.0,3402.0,635.0,2208.0,6129.0,252.0,25678.0,13591,117,562,7.0,4,4,7,2772,6,29,7
2024-09-28 20:00,1988.0,26924.0,27558.0,13516.0,181353.0,25586.0,80880.0,24899.0,7334.0,258017.0,86092.0,6095.0,47619.0,2269.0,2407.0,4423.0,3073.0,3694.0,2175.0,28678.0,1654.0,31280.0,7605.0,3508.0,3353.0,635.0,2255.0,6259.0,247.0,23463.0,11161,62,362,38.0,0,3,3,2756,1,21,6
2024-09-28 21:00,1988.0,26924.0,26916.0,13537.0,180567.0,25923.0,80830.0,25254.0,7334.0,258174.0,83785.0,6015.0,46506.0,2269.0,2798.0,4423.0,3215.0,3668.0,1708.0,26906.0,1657.0,32231.0,6980.0,3340.0,3201.0,499.0,1690.0,6285.0,184.0,24456.0,11029,62,399,5.0,0,1,1,2757,3,22,8
2024-09-28 22:00,1988.0,26924.0,27032.0,13328.0,180546.0,25922.0,80898.0,25628.0,4647.0,258260.0,83340.0,6095.0,43012.0,2269.0,1894.0,4424.0,2969.0,3507.0,1728.0,27527.0,1656.0,31942.0,6981.0,3063.0,3178.0,493.0,1643.0,6287.0,149.0,23534.0,11770,61,369,4.0,0,1,1,2584,3,11,8
2024-09-28 23:00,1988.0,26924.0,27031.0,13200.0,179334.0,26018.0,80917.0,25629.0,6152.0,258175.0,82261.0,6113.0,43253.0,2269.0,1783.0,4426.0,2823.0,3563.0,1729.0,26237.0,1660.0,31452.0,6944.0,2809.0,3150.0,499.0,1669.0,6261.0,133.0,24196.0,10481,69,324,5.0,0,0,0,2583,3,7,0
2024-09-29 00:00,1988.0,26924.0,27032.0,13208.0,179385.0,26770.0,80946.0,25629.0,6152.0,258283.0,82182.0,6115.0,43270.0,2269.0,1715.0,4426.0,2819.0,3522.0,1729.0,26121.0,1660.0,30644.0,6883.0,2810.0,3150.0,528.0,1697.0,6261.0,133.0,24168.0,10485,59,336,1.0,0,0,0,2583,0,3,0
2024-09-29 01:00,1988.0,26924.0,27055.0,13309.0,179307.0,26620.0,77472.0,25629.0,6141.0,258267.0,82432.0,6115.0,43363.0,2269.0,1716.0,4426.0,2822.0,3522.0,1728.0,26062.0,1640.0,30710.0,6897.0,2861.0,3148.0,528.0,1698.0,6261.0,133.0,24135.0,10518,59,335,1.0,0,0,0,2583,0,2,0
2024-09-29 02:00,1988.0,26924.0,27055.0,13309.0,179309.0,26617.0,77735.0,25629.0,6141.0,258264.0,82261.0,6115.0,43458.0,2269.0,1716.0,4426.0,2822.0,3522.0,1728.0,26199.0,1640.0,30630.0,6897.0,2861.0,3150.0,528.0,1698.0,6262.0,133.0,24116.0,10537,59,328,1.0,1,0,0,2583,0,2,0
2024-09-29 03:00,1988.0,26924.0,27056.0,13309.0,179309.0,26620.0,77582.0,25629.0,6141.0,258254.0,82365.0,6115.0,43462.0,2269.0,1716.0,4426.0,2665.0,3522.0,1728.0,26165.0,1640.0,29843.0,6897.0,2861.0,3150.0,528.0,1699.0,6262.0,133.0,23962.0,10503,59,308,0.0,1,0,0,2583,0,2,0
2024-09-29 04:00,1988.0,26924.0,27057.0,13315.0,179305.0,26617.0,74755.0,25629.0,6141.0,258249.0,81656.0,6115.0,43422.0,2269.0,1716.0,4426.0,2664.0,3512.0,1728.0,25860.0,1640.0,29649.0,6899.0,2857.0,3149.0,528.0,1699.0,6261.0,132.0,22771.0,10440,32,377,0.0,1,0,0,2566,1,0,0
2024-09-29 05:00,1988.0,26924.0,27058.0,13521.0,179309.0,26639.0,74849.0,25629.0,6626.0,258246.0,81839.0,6115.0,43434.0,2269.0,1716.0,4426.0,2656.0,3499.0,1651.0,25773.0,1578.0,29634.0,6724.0,2859.0,3149.0,528.0,1699.0,6260.0,132.0,22700.0,10438,32,382,0.0,2,1,0,2567,1,0,0
2024-09-29 06:00,1988.0,26924.0,27061.0,13522.0,179311.0,26642.0,80280.0,25633.0,6626.0,258246.0,81588.0,6115.0,43495.0,2269.0,1721.0,4426.0,2693.0,3501.0,1654.0,25706.0,1578.0,29438.0,6725.0,2860.0,3149.0,528.0,911.0,6260.0,132.0,21595.0,10319,32,727,0.0,2,2,0,2567,0,0,0
2024-09-29 07:00,1988.0,26924.0,27061.0,13522.0,182957.0,26650.0,80263.0,25817.0,6626.0,258884.0,82016.0,6115.0,43555.0,2269.0,1724.0,4426.0,2703.0,3508.0,1657.0,25866.0,1578.0,29106.0,6726.0,2861.0,3146.0,542.0,753.0,6006.0,132.0,21730.0,10324,33,718,0.0,1,0,49,2565,0,0,0
2024-09-29 08:00,1929.0,26924.0,27070.0,13525.0,177850.0,26694.0,80113.0,25787.0,6627.0,258890.0,82374.0,6179.0,44750.0,1182.0,1693.0,4426.0,2644.0,3508.0,1635.0,26189.0,1578.0,28332.0,6737.0,2989.0,2984.0,542.0,823.0,5999.0,63.0,20259.0,10211,32,692,0.0,1,2,49,2528,0,3,0
2024-09-29 09:00,1986.0,26924.0,26786.0,13531.0,182731.0,26691.0,79187.0,26297.0,6283.0,241395.0,82749.0,6381.0,43800.0,2269.0,1730.0,4426.0,2705.0,3511.0,1694.0,25872.0,1591.0,28257.0,6232.0,2933.0,2293.0,440.0,658.0,5731.0,61.0,20448.0,8986,36,1219,0.0,1,7,2,2210,0,1,0
2024-09-29 10:00,1986.0,26924.0,26692.0,13546.0,175345.0,26625.0,78097.0,25638.0,6606.0,239849.0,83525.0,6299.0,43164.0,2269.0,1749.0,4438.0,2670.0,3504.0,1692.0,25051.0,1596.0,26365.0,6275.0,3010.0,1595.0,440.0,619.0,5565.0,65.0,20625.0,9132,41,400,1.0,1,5,3,2138,0,2,2
2024-09-29 11:00,1986.0,26924.0,26368.0,13548.0,175141.0,27049.0,77046.0,25179.0,6312.0,237776.0,84005.0,6301.0,42876.0,2269.0,1762.0,4506.0,2615.0,3487.0,1754.0,23445.0,1593.0,24453.0,6103.0,2548.0,1613.0,440.0,709.0,4614.0,43.0,20218.0,8680,14,338,2.0,0,2,2,1799,0,2,2
2024-09-29 12:00,1986.0,26924.0,27018.0,13267.0,174694.0,25946.0,74264.0,24718.0,6313.0,237119.0,83667.0,6301.0,41540.0,2269.0,1769.0,4585.0,2542.0,3488.0,1750.0,23241.0,1593.0,24041.0,5577.0,2375.0,1611.0,439.0,567.0,5126.0,27.0,20028.0,8322,14,145,2.0,3,11,0,1695,0,4,2
2024-09-29 13:00,1986.0,26924.0,27138.0,13009.0,173994.0,25981.0,74343.0,24228.0,5885.0,234968.0,82089.0,6301.0,39172.0,2270.0,2717.0,4585.0,2475.0,3578.0,4348.0,23437.0,2989.0,23681.0,5498.0,2264.0,2397.0,439.0,546.0,4919.0,1114.0,18151.0,7663,109,111,37.0,3,12,0,1635,0,4,0
2024-09-29 14:00,1986.0,26924.0,27093.0,13010.0,173579.0,25897.0,74162.0,24463.0,5485.0,231458.0,82394.0,6146.0,39376.0,2270.0,2737.0,4585.0,2420.0,3542.0,3864.0,23927.0,2988.0,23195.0,5340.0,2179.0,2325.0,439.0,543.0,4092.0,1054.0,16993.0,7148,505,141,33.0,26,2,0,1531,0,0,1
2024-09-29 15:00,1986.0,26924.0,27105.0,12999.0,173355.0,25262.0,72834.0,24254.0,5176.0,229116.0,81272.0,6137.0,39312.0,2270.0,2706.0,4585.0,2412.0,3537.0,3579.0,22555.0,2991.0,22877.0,5275.0,2114.0,2268.0,439.0,649.0,3871.0,1011.0,15027.0,5379,503,113,33.0,2,1,0,1335,0,1,1
2024-09-29 16:00,1986.0,26924.0,27003.0,12999.0,173512.0,25058.0,72163.0,23849.0,4342.0,227100.0,79568.0,6141.0,39230.0,2270.0,2706.0,4585.0,2506.0,2892.0,3593.0,21692.0,3016.0,21820.0,5277.0,1801.0,2118.0,403.0,533.0,3640.0,899.0,13207.0,4604,106,103,32.0,2,6,2,875,0,1,2
2024-09-29 17:00,1986.0,26924.0,26412.0,12906.0,174332.0,24351.0,70136.0,23868.0,4502.0,222623.0,79248.0,5907.0,36700.0,2270.0,2499.0,4586.0,1901.0,2781.0,4118.0,21771.0,2803.0,21211.0,4469.0,1864.0,2117.0,394.0,518.0,3212.0,906.0,11269.0,4686,102,224,1.0,0,3,2,800,0,2,0
2024-09-29 18:00,1986.0,26924.0,26883.0,12906.0,174502.0,24138.0,68860.0,23076.0,4501.0,218306.0,79101.0,5911.0,36913.0,2270.0,2499.0,4586.0,1718.0,3146.0,4176.0,21515.0,2635.0,21652.0,4099.0,1804.0,1941.0,394.0,645.0,2616.0,923.0,11934.0,4352,102,172,4.0,1,0,33,598,0,2,5
2024-09-29 19:00,1986.0,26924.0,26859.0,12720.0,174528.0,24002.0,68663.0,23326.0,4473.0,213059.0,79347.0,5912.0,35726.0,2270.0,2500.0,4586.0,1702.0,3164.0,4073.0,21330.0,2642.0,21068.0,3748.0,1773.0,1876.0,394.0,642.0,2608.0,748.0,10893.0,4352,111,178,1.0,0,0,2,538,0,5,6
2024-09-29 20:00,1986.0,26924.0,26286.0,12622.0,173537.0,23705.0,68620.0,22491.0,4473.0,206915.0,74002.0,5913.0,34671.0,2270.0,2506.0,4586.0,1686.0,3147.0,3930.0,21330.0,2647.0,21073.0,3682.0,1774.0,1815.0,394.0,458.0,1973.0,586.0,10345.0,4354,103,178,0.0,3,1,6,139,0,4,0
2024-09-29 21:00,1986.0,26924.0,25947.0,12624.0,173411.0,22483.0,68536.0,21492.0,4473.0,205923.0,73417.0,5931.0,34524.0,2271.0,2376.0,4586.0,1572.0,3146.0,3636.0,21330.0,2650.0,21072.0,3482.0,1796.0,1700.0,394.0,433.0,1926.0,570.0,9282.0,4353,103,172,0.0,0,1,4,128,0,1,0
2024-09-29 22:00,1986.0,26924.0,26035.0,12625.0,173432.0,22486.0,68474.0,21355.0,4473.0,205077.0,73752.0,5999.0,31835.0,2280.0,2376.0,4586.0,1507.0,3146.0,3637.0,21330.0,2650.0,21071.0,3444.0,1772.0,1701.0,394.0,433.0,1812.0,570.0,9112.0,4353,103,172,0.0,0,0,4,119,0,1,0
2024-09-29 23:00,1986.0,26924.0,26086.0,12118.0,173428.0,22488.0,66791.0,21377.0,4783.0,205322.0,73509.0,5999.0,32008.0,2280.0,2214.0,4586.0,1468.0,2755.0,3384.0,20459.0,2181.0,17852.0,3218.0,1591.0,1472.0,427.0,432.0,1706.0,606.0,8666.0,3140,102,1,0.0,0,0,4,115,0,0,0
2024-09-30 00:00,1986.0,26924.0,26091.0,12119.0,167134.0,22490.0,66820.0,16268.0,4782.0,205434.0,73432.0,3358.0,35404.0,2280.0,2213.0,4504.0,1424.0,2633.0,3380.0,20201.0,2181.0,17532.0,3218.0,1600.0,1504.0,427.0,426.0,1679.0,604.0,8731.0,2924,96,1,0.0,0,0,0,102,0,0,0
2024-09-30 01:00,1986.0,26924.0,26084.0,12121.0,167135.0,22557.0,66822.0,16281.0,4782.0,205428.0,73431.0,3358.0,35446.0,2280.0,2213.0,4504.0,1421.0,2627.0,3314.0,19536.0,2181.0,17177.0,3220.0,1600.0,1486.0,427.0,426.0,1675.0,604.0,8766.0,2924,96,1,0.0,0,0,0,104,0,0,0
2024-09-30 02:00,1986.0,26924.0,26084.0,12122.0,167110.0,22558.0,66848.0,16281.0,4782.0,205462.0,73444.0,3358.0,31692.0,2280.0,2213.0,4504.0,1380.0,2627.0,3313.0,19349.0,2130.0,17174.0,3220.0,1600.0,1486.0,427.0,412.0,1651.0,604.0,7957.0,2922,96,2,0.0,0,0,0,104,0,0,0
2024-09-30 03:00,1986.0,26924.0,26088.0,12123.0,167107.0,22558.0,66873.0,16281.0,4782.0,205460.0,71256.0,3358.0,31812.0,2280.0,2213.0,4504.0,1376.0,2627.0,3313.0,19293.0,2130.0,16950.0,3220.0,1601.0,1486.0,427.0,411.0,1651.0,604.0,7937.0,2922,96,2,0.0,0,0,0,104,0,0,0
2024-09-30 04:00,1986.0,26924.0,26092.0,12124.0,167096.0,22558.0,66875.0,16281.0,4785.0,205421.0,71374.0,3358.0,31824.0,2280.0,2213.0,4504.0,1362.0,2627.0,3305.0,19091.0,2129.0,16857.0,3220.0,1602.0,1486.0,427.0,412.0,1619.0,604.0,7481.0,2925,96,2,0.0,0,0,0,102,0,0,0
2024-09-30 05:00,1986.0,26924.0,26091.0,12134.0,167099.0,22559.0,66877.0,16280.0,4786.0,205431.0,71403.0,3358.0,31915.0,2280.0,2213.0,4504.0,1367.0,2628.0,3310.0,19048.0,2131.0,18143.0,3220.0,1603.0,1486.0,427.0,511.0,1623.0,604.0,7484.0,2925,97,2,0.0,0,0,0,102,0,0,0
2024-09-30 06:00,1986.0,26924.0,26102.0,12235.0,173387.0,22559.0,66048.0,20557.0,4814.0,204710.0,71172.0,5999.0,32011.0,2280.0,2214.0,4586.0,1356.0,2582.0,3310.0,18893.0,2131.0,16515.0,3924.0,1602.0,1415.0,427.0,409.0,1617.0,604.0,7425.0,2887,97,2,0.0,0,0,0,99,0,1,0
2024-09-30 07:00,1986.0,26924.0,26119.0,12270.0,173387.0,21999.0,65674.0,20568.0,4816.0,205088.0,71162.0,5999.0,32096.0,2280.0,2272.0,4586.0,1442.0,2582.0,3313.0,18891.0,2132.0,16455.0,3227.0,1639.0,1421.0,427.0,409.0,1614.0,568.0,7573.0,2790,97,2,0.0,1,0,0,100,0,5,0
2024-09-30 08:00,1986.0,26924.0,26096.0,12430.0,173306.0,21980.0,65549.0,20598.0,4818.0,205939.0,71550.0,5999.0,32339.0,2256.0,2225.0,4574.0,1451.0,2583.0,3322.0,18390.0,2321.0,16151.0,3938.0,1646.0,1546.0,427.0,408.0,1503.0,569.0,7405.0,2649,99,14,1.0,0,2,6,101,0,5,3
2024-09-30 09:00,1454.0,26924.0,26104.0,5763.0,173400.0,22023.0,41255.0,20617.0,3522.0,205963.0,70762.0,5999.0,32944.0,2256.0,2268.0,4574.0,1323.0,2493.0,2646.0,16489.0,2324.0,16520.0,3871.0,1552.0,712.0,37.0,505.0,1447.0,529.0,7364.0,2572,101,18,2.0,2,5,22,101,0,1,2
2024-09-30 10:00,1454.0,26924.0,26053.0,5777.0,173435.0,20935.0,41499.0,20942.0,3542.0,204958.0,70760.0,5999.0,32639.0,2256.0,2249.0,4574.0,1131.0,2510.0,2591.0,16612.0,2221.0,16178.0,3651.0,1576.0,721.0,39.0,409.0,1362.0,438.0,6418.0,3230,103,46,1.0,3,4,4,93,3,1,1
2024-09-30 11:00,1454.0,26924.0,25590.0,5710.0,161393.0,20737.0,41187.0,20923.0,4121.0,202819.0,70086.0,5999.0,31807.0,2256.0,2222.0,4502.0,1064.0,2470.0,2931.0,16188.0,1925.0,16487.0,3410.0,1543.0,699.0,39.0,404.0,1348.0,436.0,5353.0,2984,106,52,1.0,17,5,22,129,1,2,3
2024-09-30 12:00,1454.0,26924.0,26221.0,5738.0,156794.0,20300.0,41257.0,20849.0,4131.0,201163.0,69002.0,6001.0,31301.0,2255.0,2169.0,4569.0,1162.0,2421.0,2526.0,16098.0,1929.0,15065.0,3154.0,1413.0,661.0,39.0,351.0,1345.0,353.0,5279.0,2774,97,16,1.0,13,3,43,84,1,1,2
2024-09-30 13:00,1454.0,26924.0,26413.0,5708.0,155079.0,20133.0,40853.0,20329.0,4131.0,198772.0,68459.0,6001.0,30428.0,2255.0,1882.0,4568.0,1141.0,2302.0,2744.0,16015.0,2108.0,14629.0,2961.0,1416.0,654.0,39.0,339.0,1006.0,655.0,4932.0,1748,97,14,1.0,0,2,4,87,3,3,2
2024-09-30 14:00,1454.0,26924.0,25889.0,5710.0,152685.0,19136.0,40039.0,19448.0,4158.0,198154.0,68316.0,5917.0,32715.0,2251.0,1885.0,4496.0,1050.0,2146.0,2681.0,15806.0,1975.0,13887.0,2700.0,1365.0,650.0,39.0,323.0,520.0,660.0,4368.0,1696,97,10,1.0,0,1,18,85,32,5,2
2024-09-30 15:00,1454.0,26246.0,26051.0,6280.0,150366.0,18736.0,40649.0,19211.0,4182.0,194834.0,68305.0,5915.0,34191.0,2251.0,1928.0,4564.0,1082.0,2145.0,2156.0,13745.0,1901.0,13413.0,2697.0,1342.0,352.0,5.0,318.0,529.0,660.0,4104.0,2292,96,9,3.0,0,1,10,7,32,4,2
2024-09-30 16:00,1453.0,26439.0,26053.0,6289.0,148096.0,17618.0,40473.0,19159.0,4163.0,189393.0,65307.0,5922.0,29332.0,2251.0,1927.0,4570.0,1004.0,2175.0,1360.0,13406.0,1885.0,14242.0,2087.0,1222.0,385.0,5.0,298.0,445.0,268.0,3518.0,2276,103,7,1.0,1,0,4,11,32,2,1
2024-09-30 17:00,1453.0,26439.0,57256.0,6294.0,168970.0,15927.0,40500.0,18513.0,4165.0,203889.0,66006.0,5953.0,29241.0,1897.0,1912.0,5344.0,977.0,2126.0,1458.0,13062.0,1450.0,11828.0,1912.0,1219.0,439.0,4.0,265.0,420.0,192.0,3236.0,1670,98,3,1.0,70,2,5,9,0,0,3
2024-09-30 18:00,1453.0,26439.0,26276.0,6178.0,146588.0,15962.0,39976.0,18865.0,4162.0,179543.0,64282.0,5917.0,27537.0,1576.0,1828.0,4570.0,739.0,2121.0,1293.0,12540.0,1477.0,11396.0,1814.0,1146.0,423.0,3.0,264.0,303.0,81.0,2981.0,1620,2,40,1.0,70,1,1,52,0,0,2
2024-09-30 19:00,1453.0,26439.0,26130.0,6127.0,145379.0,15490.0,38426.0,18552.0,3975.0,176707.0,62702.0,5931.0,28810.0,1591.0,1823.0,4570.0,735.0,1926.0,1085.0,12165.0,1295.0,10934.0,1514.0,1113.0,378.0,4.0,261.0,298.0,107.0,2754.0,1529,1,15,1.0,1,1,33309,4,0,0,1
2024-09-30 20:00,1453.0,26439.0,41604.0,6136.0,152188.0,14483.0,38223.0,18270.0,3981.0,182741.0,60345.0,5857.0,27250.0,1296.0,1786.0,4957.0,730.0,1468.0,967.0,11732.0,1030.0,10180.0,1422.0,954.0,297.0,4.0,255.0,274.0,84.0,2641.0,1369,1,6,1.0,0,0,12,4,0,1,0
2024-09-30 21:00,1453.0,26439.0,26120.0,6098.0,143966.0,14424.0,37943.0,18264.0,3983.0,174290.0,58163.0,6147.0,27184.0,1278.0,1719.0,4498.0,774.0,1480.0,954.0,11640.0,890.0,9688.0,1383.0,942.0,297.0,3.0,233.0,239.0,79.0,2332.0,1277,1,7,1.0,0,0,0,4,0,1,0
2024-09-30 22:00,1453.0,26439.0,26124.0,6104.0,143886.0,14430.0,38344.0,18273.0,3993.0,174455.0,58203.0,6147.0,27224.0,1321.0,1688.0,4498.0,749.0,1422.0,954.0,11834.0,890.0,9207.0,1590.0,922.0,170.0,2.0,228.0,229.0,79.0,2272.0,1208,43,6,1.0,2,0,5378,4,0,0,0
2024-09-30 23:00,1453.0,26439.0,25889.0,6105.0,143013.0,14470.0,38452.0,18400.0,3997.0,172610.0,58316.0,6147.0,26976.0,1291.0,1649.0,4498.0,749.0,1413.0,954.0,11278.0,890.0,8693.0,1588.0,920.0,170.0,2.0,208.0,232.0,75.0,1973.0,1198,0,5,0.0,7,0,6,4,0,0,1
2024-10-01 00:00,1453.0,26439.0,25890.0,6105.0,143026.0,14472.0,38396.0,17841.0,3998.0,171816.0,58328.0,6147.0,26902.0,1291.0,1647.0,4498.0,749.0,1414.0,954.0,11279.0,890.0,8453.0,1588.0,918.0,171.0,2.0,208.0,217.0,46.0,1975.0,1142,0,85,0.0,8,0,0,4,0,0,0
2024-10-01 01:00,1453.0,26439.0,25892.0,6105.0,142993.0,14472.0,38504.0,17844.0,3999.0,171644.0,58292.0,6147.0,26915.0,1291.0,1652.0,4498.0,739.0,1414.0,875.0,11278.0,892.0,8305.0,1588.0,918.0,171.0,2.0,208.0,210.0,46.0,1964.0,1126,0,86,0.0,1,0,8,4,0,0,0
2024-10-01 02:00,1453.0,26439.0,25892.0,6105.0,142981.0,14411.0,38540.0,17844.0,4001.0,171291.0,58196.0,6147.0,26916.0,1291.0,1652.0,4498.0,740.0,1414.0,875.0,11278.0,883.0,8311.0,1588.0,918.0,171.0,2.0,208.0,210.0,46.0,1946.0,1151,0,7,0.0,0,0,0,4,0,0,0
2024-10-01 03:00,1453.0,26439.0,25892.0,6105.0,143031.0,14411.0,38594.0,18394.0,4001.0,169183.0,57968.0,6147.0,26953.0,1291.0,1652.0,4498.0,741.0,1402.0,875.0,11212.0,883.0,8310.0,1588.0,916.0,171.0,2.0,208.0,203.0,46.0,1946.0,1151,0,7,0.0,0,37,0,4,0,0,0
2024-10-01 04:00,1453.0,26439.0,25891.0,6103.0,143045.0,14418.0,38634.0,17836.0,4001.0,169228.0,57903.0,6147.0,26960.0,1291.0,1652.0,4498.0,741.0,1402.0,875.0,11211.0,883.0,8295.0,1588.0,916.0,171.0,2.0,208.0,203.0,46.0,1946.0,1151,0,6,0.0,0,37,0,4,0,0,0
2024-10-01 05:00,1453.0,26439.0,25891.0,6103.0,143071.0,14372.0,38231.0,17918.0,4001.0,169248.0,57853.0,6147.0,26977.0,1291.0,1642.0,4498.0,742.0,1401.0,875.0,11066.0,883.0,8208.0,1588.0,915.0,171.0,2.0,207.0,203.0,113.0,1933.0,1042,0,6,0.0,0,37,0,4,0,0,0
2024-10-01 06:00,1453.0,26439.0,25895.0,6103.0,142476.0,14389.0,38260.0,17915.0,4001.0,168436.0,57965.0,5521.0,27013.0,1291.0,1643.0,4498.0,742.0,1402.0,875.0,11054.0,883.0,8202.0,1378.0,801.0,186.0,2.0,207.0,206.0,113.0,1952.0,1020,0,6,0.0,0,37,0,4,0,0,0
2024-10-01 07:00,1453.0,26439.0,25898.0,6105.0,141965.0,14479.0,38351.0,17874.0,4049.0,166886.0,57055.0,5202.0,26691.0,1291.0,1640.0,4524.0,742.0,1828.0,883.0,11129.0,912.0,8443.0,1355.0,818.0,185.0,2.0,204.0,207.0,112.0,1059.0,922,0,1,0.0,0,37,0,4,4,0,0
2024-10-01 08:00,1453.0,26439.0,25921.0,6107.0,141514.0,14399.0,38571.0,18307.0,4051.0,167132.0,57401.0,5046.0,26494.0,1295.0,1376.0,4452.0,674.0,1829.0,817.0,11083.0,910.0,8487.0,1510.0,820.0,187.0,2.0,204.0,208.0,113.0,1024.0,976,0,2,0.0,0,0,4,4,4,0,0
2024-10-01 09:00,1453.0,23059.0,25926.0,6125.0,139433.0,14625.0,37602.0,18156.0,4060.0,166334.0,57308.0,5162.0,25517.0,1300.0,1579.0,4523.0,735.0,1646.0,1262.0,10519.0,920.0,8426.0,1456.0,867.0,175.0,2.0,204.0,206.0,115.0,982.0,916,6,17,0.0,0,0,4,4,4,0,1
2024-10-01 10:00,1453.0,23042.0,25642.0,6125.0,139405.0,14467.0,37639.0,17840.0,4088.0,166235.0,57241.0,5031.0,25742.0,1300.0,1634.0,4549.0,706.0,1661.0,1518.0,10110.0,807.0,8130.0,1453.0,643.0,179.0,2.0,208.0,205.0,691.0,974.0,819,4,8,2.0,0,1,6,5,0,1,1
2024-10-01 11:00,1453.0,22980.0,26189.0,5371.0,133569.0,14365.0,37900.0,16717.0,4077.0,165705.0,54906.0,4979.0,26106.0,1316.0,1700.0,4531.0,741.0,1636.0,1511.0,9624.0,719.0,8417.0,1253.0,665.0,189.0,3.0,207.0,212.0,122.0,892.0,578,1,8,2.0,0,2,6,4,0,1,1
2024-10-01 12:00,1452.0,23024.0,26291.0,5408.0,132941.0,14471.0,37663.0,15411.0,4087.0,164532.0,55595.0,5039.0,24374.0,1199.0,1712.0,4531.0,750.0,1627.0,1400.0,8753.0,631.0,7467.0,1350.0,639.0,130.0,0.0,184.0,200.0,121.0,711.0,428,1,2,0.0,0,2,20,5,0,0,0
2024-10-01 13:00,1452.0,22797.0,26349.0,5420.0,135962.0,13743.0,37365.0,13864.0,4090.0,160210.0,55156.0,4800.0,23585.0,1119.0,1578.0,4531.0,734.0,1669.0,874.0,8248.0,586.0,7056.0,1207.0,575.0,120.0,0.0,180.0,168.0,123.0,599.0,332,2,3,0.0,0,2,16,3,1,1,0
2024-10-01 14:00,1984.0,21503.0,25801.0,10017.0,134921.0,12442.0,56600.0,13898.0,5067.0,159288.0,53753.0,4847.0,23107.0,971.0,1512.0,4531.0,581.0,1668.0,1056.0,8039.0,571.0,6916.0,938.0,566.0,398.0,314.0,179.0,216.0,120.0,1051.0,336,3,2,0.0,0,4,6,7,1,0,0
2024-10-01 15:00,1984.0,21808.0,26010.0,10050.0,134327.0,12510.0,56463.0,14192.0,5099.0,156436.0,52190.0,4766.0,22379.0,729.0,1503.0,4361.0,581.0,1434.0,995.0,7936.0,574.0,6545.0,967.0,480.0,390.0,315.0,62.0,194.0,146.0,416.0,307,1,6,0.0,1,2,6,7,0,0,1
2024-10-01 16:00,1452.0,21351.0,26011.0,5034.0,132699.0,12441.0,37505.0,14284.0,4147.0,155680.0,50949.0,4791.0,22721.0,698.0,1396.0,4361.0,556.0,1184.0,952.0,7002.0,554.0,6307.0,991.0,325.0,102.0,1.0,61.0,130.0,57.0,319.0,276,1,4,3.0,1,7,2,3,0,37,1
2024-10-01 17:00,1461.0,20769.0,25650.0,9483.0,129826.0,11903.0,53901.0,14492.0,4989.0,151960.0,49322.0,4748.0,22287.0,488.0,1127.0,4362.0,507.0,1177.0,1128.0,7092.0,367.0,6284.0,923.0,317.0,317.0,126.0,58.0,93.0,54.0,340.0,257,2,6,0.0,3,1,5,5,0,36,12
2024-10-01 18:00,5521.0,20370.0,25427.0,9395.0,127316.0,11819.0,54667.0,14611.0,4941.0,150363.0,52583.0,4739.0,22079.0,7743.0,1108.0,4362.0,497.0,1163.0,740.0,6556.0,277.0,6084.0,761.0,295.0,315.0,84.0,56.0,37.0,53.0,290.0,955,1,11,0.0,2,1,5,6,0,36,0
2024-10-01 19:00,5521.0,20582.0,24517.0,8443.0,124218.0,11533.0,53144.0,14607.0,4685.0,150910.0,52346.0,4608.0,22036.0,7679.0,1094.0,4362.0,466.0,1141.0,709.0,6352.0,391.0,5587.0,701.0,266.0,313.0,84.0,54.0,36.0,53.0,302.0,943,1,12,0.0,1,4,5,6,0,36,0
2024-10-01 20:00,5521.0,20419.0,24279.0,8449.0,117644.0,11912.0,52263.0,13971.0,4684.0,148611.0,48196.0,4553.0,20888.0,7646.0,1039.0,4294.0,448.0,481.0,645.0,6239.0,175.0,5256.0,623.0,265.0,313.0,84.0,53.0,40.0,52.0,181.0,883,2,5,0.0,1,1,1,7,0,0,0
2024-10-01 21:00,5519.0,20393.0,24175.0,8482.0,118637.0,11854.0,49920.0,13578.0,4718.0,146881.0,47453.0,4560.0,20153.0,6760.0,1039.0,4295.0,439.0,539.0,620.0,5931.0,169.0,4836.0,559.0,254.0,314.0,84.0,50.0,30.0,51.0,144.0,858,1,5,0.0,0,1,3,15,0,0,0
2024-10-01 22:00,5429.0,20413.0,24179.0,8504.0,119370.0,11880.0,50553.0,13646.0,4658.0,146060.0,46630.0,4560.0,20151.0,3439.0,1082.0,4296.0,438.0,517.0,617.0,5827.0,169.0,4684.0,557.0,231.0,315.0,84.0,50.0,30.0,51.0,105.0,71,99,9,0.0,0,1,0,15,0,0,0
2024-10-01 23:00,5429.0,20025.0,24038.0,8512.0,117091.0,11912.0,50151.0,13658.0,4663.0,145359.0,46647.0,4589.0,20070.0,3434.0,1104.0,4296.0,437.0,517.0,502.0,5609.0,169.0,4714.0,557.0,227.0,315.0,84.0,50.0,26.0,51.0,107.0,67,99,2,0.0,0,0,0,14,0,0,0
2024-10-02 00:00,5429.0,20029.0,24040.0,8512.0,117275.0,11912.0,49137.0,13660.0,4682.0,145145.0,46643.0,4587.0,20112.0,3435.0,1104.0,4296.0,437.0,517.0,505.0,5608.0,169.0,4658.0,557.0,228.0,315.0,84.0,50.0,26.0,51.0,106.0,67,0,2,0.0,0,0,13,11,0,0,0
2024-10-02 01:00,5429.0,20029.0,24040.0,8512.0,117109.0,11912.0,48962.0,13824.0,4694.0,145142.0,46622.0,4587.0,20164.0,3435.0,1104.0,4296.0,437.0,517.0,505.0,5603.0,169.0,4689.0,509.0,228.0,315.0,84.0,50.0,26.0,51.0,122.0,67,0,1,0.0,0,0,13,2,0,0,51
2024-10-02 02:00,5429.0,20030.0,24041.0,8512.0,117165.0,11912.0,49148.0,13824.0,4695.0,144749.0,46620.0,4587.0,20111.0,3435.0,1104.0,4296.0,437.0,517.0,507.0,5603.0,169.0,4721.0,509.0,233.0,315.0,84.0,50.0,25.0,51.0,123.0,67,0,1,0.0,0,0,0,1,0,0,41
2024-10-02 03:00,5429.0,20030.0,23925.0,8532.0,117733.0,11912.0,49678.0,13824.0,4695.0,143987.0,46619.0,4587.0,20092.0,3436.0,1104.0,4296.0,437.0,517.0,507.0,5741.0,169.0,4664.0,509.0,233.0,315.0,84.0,50.0,25.0,51.0,122.0,67,0,5,0.0,0,0,0,1,0,0,0
2024-10-02 04:00,5429.0,20030.0,23873.0,8534.0,117382.0,11912.0,50360.0,13824.0,4695.0,143976.0,46616.0,4587.0,20094.0,3436.0,1104.0,4296.0,430.0,517.0,508.0,5718.0,169.0,4534.0,510.0,233.0,315.0,84.0,50.0,25.0,51.0,119.0,67,0,0,0.0,0,0,0,2,0,0,0
2024-10-02 05:00,5429.0,20030.0,23874.0,8528.0,117355.0,11915.0,50267.0,13824.0,4695.0,143980.0,46572.0,4587.0,19866.0,3536.0,1025.0,4254.0,430.0,517.0,508.0,5511.0,169.0,4365.0,510.0,233.0,324.0,84.0,50.0,25.0,51.0,118.0,67,0,0,0.0,0,1,0,1,0,0,0
2024-10-02 06:00,5429.0,20028.0,23885.0,8527.0,117084.0,11843.0,50218.0,13824.0,4030.0,142672.0,46059.0,4587.0,19975.0,3536.0,1034.0,4254.0,430.0,517.0,501.0,5509.0,170.0,4372.0,510.0,233.0,324.0,84.0,50.0,25.0,52.0,139.0,67,0,0,0.0,0,1,0,1,0,0,0
2024-10-02 07:00,5429.0,20028.0,23891.0,8528.0,114717.0,11843.0,50652.0,13824.0,4032.0,142227.0,46022.0,4587.0,20139.0,3646.0,1034.0,4254.0,430.0,532.0,505.0,5441.0,167.0,4330.0,556.0,242.0,320.0,84.0,50.0,25.0,52.0,121.0,80,1,0,0.0,0,1,0,1,0,0,0
2024-10-02 08:00,5429.0,19774.0,23800.0,8780.0,115379.0,11988.0,51077.0,13938.0,4034.0,141326.0,45242.0,4581.0,20145.0,3829.0,1028.0,4254.0,430.0,578.0,550.0,5446.0,167.0,4067.0,509.0,249.0,319.0,84.0,50.0,25.0,48.0,124.0,51,2,4,0.0,0,0,0,1,0,34,0
2024-10-02 09:00,5429.0,19715.0,23787.0,8897.0,115158.0,11369.0,51078.0,13907.0,4049.0,139904.0,45499.0,4586.0,20275.0,4558.0,1038.0,4255.0,425.0,630.0,562.0,5469.0,159.0,3952.0,480.0,339.0,320.0,84.0,50.0,25.0,45.0,97.0,46,8,10,0.0,1,4,8,26,0,34,0
2024-10-02 10:00,5429.0,19683.0,23831.0,9044.0,114743.0,11079.0,50462.0,13915.0,4093.0,138856.0,46567.0,4593.0,19932.0,4516.0,1051.0,4321.0,486.0,629.0,563.0,5275.0,163.0,4057.0,466.0,362.0,350.0,31.0,50.0,15.0,45.0,103.0,36,39,10,1.0,1,1,4,27,3,34,2
2024-10-02 11:00,5429.0,19602.0,23631.0,8787.0,114127.0,10489.0,50156.0,14017.0,4055.0,138152.0,47303.0,4608.0,19920.0,4903.0,1145.0,4223.0,447.0,652.0,493.0,5069.0,166.0,4066.0,417.0,348.0,281.0,32.0,50.0,14.0,45.0,92.0,15,2,10,1.0,1,5,4,24,4,5,1
2024-09-17 11:00,,1.0,,,16.0,4.0,7.0,,,1262.0,11.0,,6.0,,,1.0,2.0,1.0,,5.0,,10.0,1.0,,1.0,,2.0,,1.0,1226.0,16,45,18,,1,1,6,6,3,38,2
2024-10-02 12:00,,,,,,,,,,,,,,,,,,,,,,,,,,,,,,,76,2,3,,1,5,4,24,4,1,0
